item_id,dataset,gold,claude_haiku,claude_opus,claude_sonnet55,codex_default,deepseek_deepseek-v3.2,deepseek_deepseek-v3.2__persona-engineer,deepseek_deepseek-v3.2__persona-formal,deepseek_deepseek-v3.2__persona-skeptic,deepseek_deepseek-v3.2__persona-teacher,google_gemma-4-31b-it_free,mistralai_mistral-large-2512,moonshotai_kimi-k2.5,qwen_qwen3.7-plus,qwen_qwen3.8-27b_free,z-ai_glm-5.3-flash
mmlupro:3352,mmlu-pro,"J",1,1,1,1,1,,,,,,1,,1,,1
mmlupro:3402,mmlu-pro,"D",1,1,1,1,1,,,,,,1,,1,,1
mmlupro:2940,mmlu-pro,"C",1,1,1,1,1,,,,,,1,,1,,1
mmlupro:3393,mmlu-pro,"G",0,1,0,0,0,,,,,,0,,1,,
mmlupro:3365,mmlu-pro,"I",1,1,1,1,1,,,,,,1,,1,,1
mmlupro:3010,mmlu-pro,"H",1,1,1,1,1,,,,,,1,,1,,1
mmlupro:3015,mmlu-pro,"I",1,1,1,1,1,,,,,,1,,1,,1
mmlupro:3408,mmlu-pro,"J",1,1,1,1,1,,,,,,1,,1,,1
mmlupro:2976,mmlu-pro,"F",1,1,1,1,1,,,,,,1,,1,,1
mmlupro:3011,mmlu-pro,"I",1,1,1,1,1,,,,,,1,,1,,1
mmlupro:2924,mmlu-pro,"J",1,1,1,1,1,,,,,,1,,1,,1
mmlupro:2988,mmlu-pro,"C",1,1,1,1,1,,,,,,1,,1,,1
mmlupro:3327,mmlu-pro,"G",1,1,1,1,1,,,,,,1,,1,,1
mmlupro:2986,mmlu-pro,"A",1,1,1,1,1,,,,,,1,,1,,1
mmlupro:3374,mmlu-pro,"B",1,1,1,1,1,,,,,,1,,1,,1
mmlupro:3389,mmlu-pro,"C",1,1,1,1,1,,,,,,1,,1,,1
mmlupro:3400,mmlu-pro,"E",1,1,1,1,1,,,,,,1,,1,,1
mmlupro:3420,mmlu-pro,"F",1,1,1,1,1,,,,,,1,,1,,1
mmlupro:2947,mmlu-pro,"F",1,1,1,1,1,,,,,,1,,1,,1
mmlupro:2964,mmlu-pro,"D",1,1,1,1,1,,,,,,1,,1,,1
mmlupro:2927,mmlu-pro,"C",1,1,1,1,1,,,,,,,,1,,1
mmlupro:3363,mmlu-pro,"E",1,1,1,1,1,,,,,,1,,1,,1
mmlupro:3355,mmlu-pro,"E",1,1,1,1,1,,,,,,1,,1,,1
mmlupro:3006,mmlu-pro,"E",1,1,1,1,1,,,,,,1,,1,,1
mmlupro:3414,mmlu-pro,"E",1,1,1,1,1,,,,,,1,,1,,1
mmlupro:3331,mmlu-pro,"D",0,0,1,1,1,,,,,,0,,1,,1
mmlupro:2944,mmlu-pro,"I",1,1,1,1,1,,,,,,1,,1,,1
mmlupro:2950,mmlu-pro,"B",1,1,1,1,1,,,,,,1,,1,,1
mmlupro:3338,mmlu-pro,"J",1,1,1,1,1,,,,,,1,,1,,1
mmlupro:3333,mmlu-pro,"B",1,1,1,1,1,,,,,,1,,1,,1
mmlupro:2935,mmlu-pro,"G",1,0,0,1,1,,,,,,0,,0,,
mmlupro:2957,mmlu-pro,"D",1,1,1,1,1,,,,,,1,,1,,1
mmlupro:3387,mmlu-pro,"D",1,1,1,1,1,,,,,,1,,1,,1
mmlupro:2931,mmlu-pro,"C",1,1,1,1,1,,,,,,1,,1,,1
mmlupro:3012,mmlu-pro,"D",1,1,1,1,1,,,,,,1,,1,,1
mmlupro:3359,mmlu-pro,"J",1,1,1,1,1,,,,,,1,,1,,1
mmlupro:3330,mmlu-pro,"G",1,1,1,1,1,,,,,,1,,1,,1
mmlupro:3368,mmlu-pro,"H",1,1,1,1,1,,,,,,1,,1,,1
mmlupro:2969,mmlu-pro,"E",1,1,1,1,1,,,,,,1,,1,,1
mmlupro:3322,mmlu-pro,"F",1,1,1,1,1,,,,,,1,,1,,1
mmlupro:2977,mmlu-pro,"B",1,1,1,1,1,,,,,,1,,1,,1
mmlupro:3409,mmlu-pro,"H",1,1,1,1,1,,,,,,1,,1,,1
mmlupro:507,mmlu-pro,"F",1,1,1,1,1,,,,,,1,,1,,1
mmlupro:129,mmlu-pro,"I",0,0,0,0,0,,,,,,0,,0,,
mmlupro:556,mmlu-pro,"G",1,0,1,0,0,,,,,,0,,0,,
mmlupro:74,mmlu-pro,"G",1,1,1,1,0,,,,,,1,,1,,1
mmlupro:153,mmlu-pro,"I",1,1,1,1,0,,,,,,1,,1,,1
mmlupro:124,mmlu-pro,"A",1,1,1,,1,,,,,,1,,1,,1
mmlupro:145,mmlu-pro,"E",1,1,1,,1,,,,,,1,,1,,1
mmlupro:146,mmlu-pro,"H",1,1,1,,1,,,,,,1,,1,,1
mmlupro:527,mmlu-pro,"B",1,1,1,,1,,,,,,1,,1,,1
mmlupro:147,mmlu-pro,"E",1,1,1,,1,,,,,,1,,1,,1
mmlupro:98,mmlu-pro,"H",1,1,1,,1,,,,,,1,,1,,1
mmlupro:140,mmlu-pro,"D",1,1,1,,1,,,,,,1,,1,,1
mmlupro:117,mmlu-pro,"I",1,1,1,,1,,,,,,0,,1,,1
mmlupro:501,mmlu-pro,"E",1,1,1,,1,,,,,,1,,1,,1
mmlupro:99,mmlu-pro,"C",1,1,1,,1,,,,,,1,,1,,1
mmlupro:168,mmlu-pro,"D",0,1,0,,0,,,,,,0,,1,,1
mmlupro:570,mmlu-pro,"G",1,1,1,,1,,,,,,1,,1,,1
mmlupro:547,mmlu-pro,"G",1,1,1,,1,,,,,,1,,1,,1
mmlupro:550,mmlu-pro,"H",1,1,1,,1,,,,,,1,,1,,1
mmlupro:92,mmlu-pro,"E",1,1,1,,1,,,,,,0,,1,,1
mmlupro:139,mmlu-pro,"I",1,1,1,,1,,,,,,1,,1,,
mmlupro:160,mmlu-pro,"J",1,1,1,,1,,,,,,1,,1,,1
mmlupro:490,mmlu-pro,"H",1,1,1,,0,,,,,,0,,1,,0
mmlupro:542,mmlu-pro,"J",1,1,1,,1,,,,,,1,,1,,1
mmlupro:101,mmlu-pro,"H",1,1,1,,1,,,,,,1,,1,,1
mmlupro:508,mmlu-pro,"A",1,1,1,,1,,,,,,1,,1,,1
mmlupro:475,mmlu-pro,"G",1,1,1,,1,,,,,,1,,1,,1
mmlupro:558,mmlu-pro,"B",0,0,0,,0,,,,,,0,,0,,0
mmlupro:518,mmlu-pro,"C",,0,1,,0,,,,,,0,,0,,0
mmlupro:516,mmlu-pro,"B",1,1,1,,1,,,,,,1,,1,,1
mmlupro:106,mmlu-pro,"H",1,1,1,,1,,,,,,1,,1,,1
mmlupro:566,mmlu-pro,"I",1,1,1,,1,,,,,,1,,1,,1
mmlupro:77,mmlu-pro,"J",1,1,1,,1,,,,,,1,,1,,1
mmlupro:164,mmlu-pro,"B",1,1,1,,1,,,,,,1,,1,,1
mmlupro:484,mmlu-pro,"C",1,1,1,,1,,,,,,1,,1,,1
mmlupro:165,mmlu-pro,"D",1,1,1,,1,,,,,,1,,1,,
mmlupro:118,mmlu-pro,"G",1,1,1,,1,,,,,,1,,1,,1
mmlupro:522,mmlu-pro,"I",1,1,1,,1,,,,,,1,,1,,1
mmlupro:126,mmlu-pro,"D",1,1,1,,1,,,,,,0,,1,,1
mmlupro:122,mmlu-pro,"F",1,1,1,,1,,,,,,1,,1,,1
mmlupro:524,mmlu-pro,"D",1,1,1,,1,,,,,,1,,1,,1
mmlupro:538,mmlu-pro,"I",1,1,1,,1,,,,,,1,,1,,1
mmlupro:4186,mmlu-pro,"A",1,1,1,,1,,,,,,1,,1,,1
mmlupro:4538,mmlu-pro,"G",1,1,1,,1,,,,,,1,,1,,1
mmlupro:3811,mmlu-pro,"A",0,0,0,,0,,,,,,0,,0,,0
mmlupro:4208,mmlu-pro,"C",1,1,1,,1,,,,,,1,,1,,0
mmlupro:4144,mmlu-pro,"A",1,1,1,,1,,,,,,1,,1,,1
mmlupro:4184,mmlu-pro,"F",1,1,1,,1,,,,,,1,,1,,1
mmlupro:4622,mmlu-pro,"D",1,1,1,,1,,,,,,1,,1,,1
mmlupro:4156,mmlu-pro,"A",1,1,1,,1,,,,,,1,,1,,1
mmlupro:3757,mmlu-pro,"E",1,1,1,,1,,,,,,1,,1,,1
mmlupro:4550,mmlu-pro,"C",1,1,1,,1,,,,,,1,,1,,1
mmlupro:3763,mmlu-pro,"C",1,1,1,,1,,,,,,1,,1,,1
mmlupro:4539,mmlu-pro,"J",1,1,1,,1,,,,,,1,,1,,1
mmlupro:4606,mmlu-pro,"A",1,1,1,,1,,,,,,1,,1,,1
mmlupro:3740,mmlu-pro,"G",1,1,1,,1,,,,,,1,,1,,1
mmlupro:3786,mmlu-pro,"B",1,1,1,,1,,,,,,1,,1,,
mmlupro:3741,mmlu-pro,"E",1,1,1,,1,,,,,,1,,1,,1
mmlupro:4560,mmlu-pro,"H",1,1,1,,1,,,,,,1,,1,,1
mmlupro:4629,mmlu-pro,"D",1,1,1,,1,,,,,,1,,1,,1
mmlupro:4596,mmlu-pro,"B",1,1,1,,1,,,,,,1,,1,,
mmlupro:4185,mmlu-pro,"G",1,1,1,,1,,,,,,1,,1,,1
mmlupro:4205,mmlu-pro,"D",1,1,1,,1,,,,,,1,,1,,1
mmlupro:3753,mmlu-pro,"C",1,1,1,,1,,,,,,1,,1,,1
mmlupro:3795,mmlu-pro,"A",1,1,1,,1,,,,,,1,,1,,1
mmlupro:4210,mmlu-pro,"F",1,1,1,,1,,,,,,1,,1,,1
mmlupro:4568,mmlu-pro,"C",1,1,1,,1,,,,,,1,,1,,1
mmlupro:4580,mmlu-pro,"B",1,1,1,,1,,,,,,1,,1,,1
mmlupro:4611,mmlu-pro,"G",1,1,1,,1,,,,,,1,,1,,1
mmlupro:4141,mmlu-pro,"A",1,1,1,,1,,,,,,1,,1,,1
mmlupro:4128,mmlu-pro,"A",0,1,1,,0,,,,,,0,,,,
mmlupro:4624,mmlu-pro,"H",1,1,1,,1,,,,,,1,,1,,1
mmlupro:4576,mmlu-pro,"D",1,1,1,,1,,,,,,1,,1,,1
mmlupro:3792,mmlu-pro,"I",0,0,0,,0,,,,,,0,,,,
mmlupro:4225,mmlu-pro,"G",1,1,1,,1,,,,,,1,,1,,1
mmlupro:3758,mmlu-pro,"E",1,1,1,,1,,,,,,1,,1,,1
mmlupro:3817,mmlu-pro,"G",1,1,1,,1,,,,,,1,,1,,1
mmlupro:4162,mmlu-pro,"E",1,1,1,,1,,,,,,1,,1,,1
mmlupro:4612,mmlu-pro,"G",1,1,1,,1,,,,,,1,,1,,1
mmlupro:3777,mmlu-pro,"G",1,1,1,,1,,,,,,1,,1,,1
mmlupro:3745,mmlu-pro,"C",1,1,1,,0,,,,,,0,,1,,1
mmlupro:4598,mmlu-pro,"F",1,1,1,,1,,,,,,1,,1,,1
mmlupro:4617,mmlu-pro,"E",0,1,1,,0,,,,,,0,,0,,
mmlupro:4198,mmlu-pro,"E",1,1,1,,1,,,,,,1,,1,,1
mmlupro:10667,mmlu-pro,"D",0,1,1,,1,,,,,,0,,0,,1
mmlupro:10640,mmlu-pro,"F",1,1,1,,1,,,,,,1,,1,,1
mmlupro:10709,mmlu-pro,"J",1,1,1,,1,,,,,,0,,1,,
mmlupro:10702,mmlu-pro,"I",1,1,1,,1,,,,,,0,,1,,1
mmlupro:10695,mmlu-pro,"G",1,1,1,,1,,,,,,1,,1,,1
mmlupro:10708,mmlu-pro,"C",1,1,1,,1,,,,,,1,,1,,1
mmlupro:10652,mmlu-pro,"C",1,1,1,,1,,,,,,1,,1,,1
mmlupro:10671,mmlu-pro,"A",1,1,1,,1,,,,,,1,,1,,1
mmlupro:10660,mmlu-pro,"F",1,1,1,,1,,,,,,1,,1,,1
mmlupro:10609,mmlu-pro,"C",1,1,1,,1,,,,,,1,,1,,1
mmlupro:10637,mmlu-pro,"C",0,1,1,,1,,,,,,0,,1,,0
mmlupro:10644,mmlu-pro,"H",1,1,1,,1,,,,,,1,,1,,1
mmlupro:10678,mmlu-pro,"F",1,1,1,,1,,,,,,1,,1,,1
mmlupro:10616,mmlu-pro,"C",1,1,1,,1,,,,,,1,,1,,1
mmlupro:10687,mmlu-pro,"E",1,1,1,,1,,,,,,1,,1,,1
mmlupro:10699,mmlu-pro,"E",1,1,1,,1,,,,,,1,,1,,1
mmlupro:10666,mmlu-pro,"F",1,1,1,,1,,,,,,1,,1,,1
mmlupro:10615,mmlu-pro,"D",1,1,1,,1,,,,,,0,,1,,1
mmlupro:10629,mmlu-pro,"F",0,1,1,,1,,,,,,1,,1,,
mmlupro:10707,mmlu-pro,"D",1,1,0,,0,,,,,,0,,1,,1
mmlupro:10672,mmlu-pro,"A",0,1,1,,1,,,,,,0,,1,,1
mmlupro:10642,mmlu-pro,"B",1,1,1,,1,,,,,,1,,1,,1
mmlupro:10620,mmlu-pro,"C",1,1,1,,1,,,,,,1,,1,,1
mmlupro:10622,mmlu-pro,"G",1,1,1,,1,,,,,,1,,1,,1
mmlupro:10665,mmlu-pro,"H",1,1,1,,1,,,,,,0,,1,,1
mmlupro:10633,mmlu-pro,"I",0,0,0,,0,,,,,,0,,0,,0
mmlupro:10612,mmlu-pro,"D",1,1,1,,1,,,,,,0,,1,,
mmlupro:10673,mmlu-pro,"G",1,1,1,,1,,,,,,1,,1,,1
mmlupro:10664,mmlu-pro,"F",1,1,1,,1,,,,,,1,,1,,1
mmlupro:10686,mmlu-pro,"D",1,1,1,,1,,,,,,1,,1,,1
mmlupro:10653,mmlu-pro,"C",1,1,1,,1,,,,,,1,,1,,1
mmlupro:10625,mmlu-pro,"G",1,1,1,,1,,,,,,1,,1,,
mmlupro:10614,mmlu-pro,"B",0,1,0,,0,,,,,,1,,1,,
mmlupro:10619,mmlu-pro,"F",1,1,1,,1,,,,,,1,,1,,1
mmlupro:10661,mmlu-pro,"G",1,1,1,,1,,,,,,1,,1,,1
mmlupro:10685,mmlu-pro,"I",1,1,1,,1,,,,,,1,,1,,1
mmlupro:10691,mmlu-pro,"H",1,1,1,,0,,,,,,0,,1,,
mmlupro:10693,mmlu-pro,"H",1,1,1,,1,,,,,,1,,1,,1
mmlupro:10698,mmlu-pro,"D",1,1,1,,1,,,,,,1,,1,,1
mmlupro:10697,mmlu-pro,"D",1,1,1,,1,,,,,,1,,1,,1
mmlupro:10694,mmlu-pro,"I",1,1,1,,1,,,,,,1,,1,,1
mmlupro:10651,mmlu-pro,"H",1,1,1,,1,,,,,,1,,1,,1
mmlupro:7384,mmlu-pro,"B",1,1,1,,1,,,,,,1,,1,,1
mmlupro:7062,mmlu-pro,"I",1,1,1,,1,,,,,,1,,1,,1
mmlupro:7016,mmlu-pro,"F",1,1,1,,1,,,,,,1,,1,,
mmlupro:7001,mmlu-pro,"C",0,1,0,,0,,,,,,0,,0,,0
mmlupro:7020,mmlu-pro,"J",0,0,0,,0,,,,,,0,,0,,0
mmlupro:7458,mmlu-pro,"D",1,1,1,,1,,,,,,1,,1,,1
mmlupro:7411,mmlu-pro,"D",1,1,1,,1,,,,,,1,,1,,1
mmlupro:7038,mmlu-pro,"E",1,1,1,,1,,,,,,1,,1,,1
mmlupro:7461,mmlu-pro,"G",1,1,1,,1,,,,,,1,,1,,1
mmlupro:7053,mmlu-pro,"G",1,1,1,,1,,,,,,1,,1,,1
mmlupro:6971,mmlu-pro,"J",1,1,1,,1,,,,,,1,,1,,1
mmlupro:7000,mmlu-pro,"H",1,1,1,,1,,,,,,1,,1,,1
mmlupro:7477,mmlu-pro,"I",1,1,1,,1,,,,,,1,,1,,1
mmlupro:7390,mmlu-pro,"D",1,1,1,,1,,,,,,1,,1,,1
mmlupro:7022,mmlu-pro,"J",1,1,1,,1,,,,,,1,,1,,1
mmlupro:7396,mmlu-pro,"G",1,1,1,,1,,,,,,1,,1,,1
mmlupro:6982,mmlu-pro,"H",1,1,1,,1,,,,,,1,,1,,1
mmlupro:6993,mmlu-pro,"D",1,1,1,,1,,,,,,1,,1,,1
mmlupro:7422,mmlu-pro,"D",0,1,0,,1,,,,,,1,,1,,0
mmlupro:7431,mmlu-pro,"E",1,0,0,,0,,,,,,0,,0,,0
mmlupro:7380,mmlu-pro,"F",0,1,1,,1,,,,,,1,,1,,1
mmlupro:6983,mmlu-pro,"B",1,1,1,,1,,,,,,1,,1,,1
mmlupro:7454,mmlu-pro,"A",1,1,1,,1,,,,,,1,,1,,1
mmlupro:6987,mmlu-pro,"H",1,1,1,,1,,,,,,1,,1,,1
mmlupro:7410,mmlu-pro,"D",1,1,1,,1,,,,,,1,,1,,1
mmlupro:7391,mmlu-pro,"A",1,1,1,,1,,,,,,1,,1,,1
mmlupro:7389,mmlu-pro,"I",1,1,1,,1,,,,,,1,,1,,1
mmlupro:7466,mmlu-pro,"H",1,1,1,,1,,,,,,1,,1,,1
mmlupro:7402,mmlu-pro,"B",0,1,0,,1,,,,,,0,,1,,
mmlupro:7015,mmlu-pro,"E",1,1,1,,1,,,,,,1,,1,,1
mmlupro:7011,mmlu-pro,"I",1,1,1,,1,,,,,,1,,1,,1
mmlupro:7394,mmlu-pro,"C",1,1,1,,1,,,,,,1,,1,,1
mmlupro:7473,mmlu-pro,"H",1,1,1,,1,,,,,,1,,1,,1
mmlupro:6986,mmlu-pro,"A",1,1,1,,1,,,,,,1,,1,,1
mmlupro:7443,mmlu-pro,"F",0,0,0,,0,,,,,,0,,0,,0
mmlupro:7471,mmlu-pro,"C",0,0,0,,0,,,,,,0,,0,,0
mmlupro:7012,mmlu-pro,"B",1,1,1,,1,,,,,,1,,1,,1
mmlupro:7468,mmlu-pro,"F",1,1,1,,1,,,,,,1,,1,,1
mmlupro:7465,mmlu-pro,"D",1,1,1,,1,,,,,,1,,1,,1
mmlupro:7061,mmlu-pro,"D",1,1,1,,1,,,,,,1,,1,,1
mmlupro:7421,mmlu-pro,"A",1,1,1,,1,,,,,,1,,1,,1
mmlupro:7406,mmlu-pro,"J",1,1,1,,1,,,,,,1,,1,,1
mmlupro:11844,mmlu-pro,"A",1,1,1,,1,,,,,,1,,1,,1
mmlupro:11436,mmlu-pro,"G",0,1,1,,1,,,,,,0,,,,
mmlupro:11882,mmlu-pro,"A",0,0,0,,0,,,,,,1,,,,
mmlupro:12231,mmlu-pro,"I",1,1,0,,0,,,,,,0,,,,0
mmlupro:11875,mmlu-pro,"I",0,1,0,,1,,,,,,1,,,,
mmlupro:12225,mmlu-pro,"E",1,1,1,,1,,,,,,1,,1,,1
mmlupro:11910,mmlu-pro,"B",0,1,1,,1,,,,,,1,,,,
mmlupro:11466,mmlu-pro,"B",1,1,1,,1,,,,,,1,,1,,1
mmlupro:11523,mmlu-pro,"E",1,1,1,,1,,,,,,1,,1,,1
mmlupro:11904,mmlu-pro,"E",1,1,1,,1,,,,,,1,,1,,
mmlupro:11500,mmlu-pro,"A",1,1,1,,1,,,,,,1,,1,,1
mmlupro:11871,mmlu-pro,"H",1,1,1,,1,,,,,,1,,,,1
mmlupro:11889,mmlu-pro,"E",1,1,1,,1,,,,,,1,,1,,1
mmlupro:11919,mmlu-pro,"C",1,1,1,,1,,,,,,1,,1,,1
mmlupro:11874,mmlu-pro,"I",1,1,1,,1,,,,,,1,,,,
mmlupro:11828,mmlu-pro,"J",1,1,1,,1,,,,,,1,,1,,1
mmlupro:11920,mmlu-pro,"I",1,1,1,,1,,,,,,1,,1,,1
mmlupro:11513,mmlu-pro,"E",1,1,1,,1,,,,,,1,,1,,1
mmlupro:11908,mmlu-pro,"H",1,1,1,,1,,,,,,1,,1,,1
mmlupro:11854,mmlu-pro,"D",1,1,1,,1,,,,,,1,,1,,1
mmlupro:11447,mmlu-pro,"F",1,1,1,,1,,,,,,1,,1,,1
mmlupro:11827,mmlu-pro,"D",1,1,1,,1,,,,,,0,,1,,1
mmlupro:12234,mmlu-pro,"G",1,1,1,,1,,,,,,0,,1,,1
mmlupro:12232,mmlu-pro,"G",0,0,0,,0,,,,,,0,,0,,
mmlupro:11851,mmlu-pro,"G",1,1,1,,1,,,,,,1,,1,,1
mmlupro:11446,mmlu-pro,"A",1,1,1,,1,,,,,,1,,,,
mmlupro:11465,mmlu-pro,"I",1,1,1,,1,,,,,,1,,1,,0
mmlupro:11923,mmlu-pro,"A",1,1,1,,1,,,,,,1,,1,,1
mmlupro:11877,mmlu-pro,"D",0,1,1,,0,,,,,,1,,,,
mmlupro:11883,mmlu-pro,"F",0,0,0,,0,,,,,,0,,,,
mmlupro:11476,mmlu-pro,"A",0,0,1,,0,,,,,,0,,,,
mmlupro:11905,mmlu-pro,"C",1,1,1,,0,,,,,,1,,,,
mmlupro:11869,mmlu-pro,"C",1,1,1,,1,,,,,,1,,1,,1
mmlupro:11900,mmlu-pro,"F",1,1,0,,1,,,,,,0,,1,,0
mmlupro:11863,mmlu-pro,"H",1,1,1,,1,,,,,,1,,1,,1
mmlupro:11484,mmlu-pro,"A",0,0,0,,1,,,,,,1,,,,1
mmlupro:11520,mmlu-pro,"A",1,1,0,,1,,,,,,0,,1,,1
mmlupro:11428,mmlu-pro,"I",1,1,1,,1,,,,,,1,,1,,1
mmlupro:11893,mmlu-pro,"B",1,1,1,,1,,,,,,1,,1,,1
mmlupro:11878,mmlu-pro,"E",0,1,1,,0,,,,,,0,,,,0
mmlupro:11491,mmlu-pro,"H",1,1,1,,1,,,,,,1,,,,1
mmlupro:11864,mmlu-pro,"I",1,1,1,,1,,,,,,1,,1,,1
mmlupro:6653,mmlu-pro,"H",1,1,1,,1,,,,,,1,,1,,1
mmlupro:6597,mmlu-pro,"B",1,1,1,,1,,,,,,1,,1,,1
mmlupro:6179,mmlu-pro,"E",1,1,1,,1,,,,,,1,,1,,1
mmlupro:6202,mmlu-pro,"F",1,1,1,,1,,,,,,1,,1,,1
mmlupro:6571,mmlu-pro,"A",0,1,1,,1,,,,,,1,,1,,1
mmlupro:6661,mmlu-pro,"F",1,1,1,,1,,,,,,1,,1,,1
mmlupro:6664,mmlu-pro,"I",0,0,0,,0,,,,,,0,,0,,
mmlupro:6620,mmlu-pro,"A",1,1,1,,1,,,,,,1,,1,,1
mmlupro:6238,mmlu-pro,"F",1,1,1,,1,,,,,,1,,1,,1
mmlupro:6190,mmlu-pro,"J",1,1,0,,0,,,,,,1,,0,,1
mmlupro:6663,mmlu-pro,"D",1,1,1,,1,,,,,,1,,1,,1
mmlupro:6184,mmlu-pro,"E",0,1,1,,0,,,,,,0,,0,,0
mmlupro:6239,mmlu-pro,"C",1,1,1,,1,,,,,,1,,1,,1
mmlupro:6218,mmlu-pro,"I",1,1,1,,1,,,,,,1,,1,,1
mmlupro:6216,mmlu-pro,"A",1,1,1,,1,,,,,,1,,1,,1
mmlupro:6255,mmlu-pro,"J",1,1,1,,1,,,,,,1,,1,,1
mmlupro:6565,mmlu-pro,"D",1,1,1,,1,,,,,,1,,1,,1
mmlupro:6244,mmlu-pro,"I",1,1,1,,1,,,,,,1,,1,,1
mmlupro:6233,mmlu-pro,"G",1,1,1,,1,,,,,,,,1,,1
mmlupro:6615,mmlu-pro,"E",1,1,1,,1,,,,,,1,,1,,1
mmlupro:6186,mmlu-pro,"I",1,1,1,,1,,,,,,1,,1,,1
mmlupro:6210,mmlu-pro,"C",1,1,1,,1,,,,,,1,,1,,1
mmlupro:6242,mmlu-pro,"B",1,1,1,,1,,,,,,0,,1,,1
mmlupro:6628,mmlu-pro,"D",1,1,1,,1,,,,,,1,,1,,1
mmlupro:6227,mmlu-pro,"F",1,1,1,,1,,,,,,1,,1,,1
mmlupro:6604,mmlu-pro,"A",1,1,1,,1,,,,,,1,,1,,1
mmlupro:6214,mmlu-pro,"G",0,0,0,,0,,,,,,0,,0,,
mmlupro:6174,mmlu-pro,"B",1,1,1,,1,,,,,,1,,1,,1
mmlupro:6215,mmlu-pro,"J",0,1,1,,0,,,,,,0,,0,,
mmlupro:6610,mmlu-pro,"B",1,1,1,,1,,,,,,1,,1,,1
mmlupro:6221,mmlu-pro,"F",1,1,1,,1,,,,,,1,,1,,1
mmlupro:6658,mmlu-pro,"B",1,1,1,,1,,,,,,1,,1,,1
mmlupro:6598,mmlu-pro,"E",0,0,0,,0,,,,,,0,,0,,
mmlupro:6185,mmlu-pro,"B",1,1,1,,1,,,,,,1,,1,,1
mmlupro:6247,mmlu-pro,"E",1,1,1,,1,,,,,,1,,1,,1
mmlupro:6168,mmlu-pro,"H",1,1,1,,1,,,,,,1,,1,,1
mmlupro:6639,mmlu-pro,"B",1,1,1,,1,,,,,,1,,1,,1
mmlupro:6578,mmlu-pro,"A",1,1,1,,1,,,,,,1,,1,,1
mmlupro:6224,mmlu-pro,"D",1,1,1,,1,,,,,,1,,1,,1
mmlupro:6577,mmlu-pro,"A",1,1,1,,1,,,,,,1,,1,,1
mmlupro:6172,mmlu-pro,"D",1,1,1,,1,,,,,,1,,1,,
mmlupro:6660,mmlu-pro,"A",0,1,0,,0,,,,,,0,,1,,1
mmlupro:5005,mmlu-pro,"G",1,1,1,,1,,,,,,1,,1,,1
mmlupro:4944,mmlu-pro,"G",1,1,1,,1,,,,,,1,,1,,1
mmlupro:5021,mmlu-pro,"F",0,1,1,,1,,,,,,0,,1,,1
mmlupro:5017,mmlu-pro,"F",0,1,0,,0,,,,,,0,,1,,0
mmlupro:4965,mmlu-pro,"F",1,1,1,,1,,,,,,0,,1,,
mmlupro:4946,mmlu-pro,"A",0,1,0,,0,,,,,,1,,0,,1
mmlupro:5031,mmlu-pro,"J",0,1,0,,0,,,,,,1,,1,,0
mmlupro:5037,mmlu-pro,"I",1,1,0,,1,,,,,,1,,1,,1
mmlupro:4952,mmlu-pro,"A",1,1,1,,0,,,,,,0,,1,,1
mmlupro:4953,mmlu-pro,"H",0,1,0,,0,,,,,,0,,0,,0
mmlupro:4943,mmlu-pro,"F",1,1,1,,1,,,,,,1,,1,,1
mmlupro:5001,mmlu-pro,"C",1,1,1,,1,,,,,,1,,1,,
mmlupro:5012,mmlu-pro,"J",1,1,1,,1,,,,,,1,,1,,1
mmlupro:4986,mmlu-pro,"J",1,1,1,,1,,,,,,1,,1,,1
mmlupro:5023,mmlu-pro,"A",1,1,0,,1,,,,,,1,,1,,1
mmlupro:5038,mmlu-pro,"A",1,1,1,,1,,,,,,1,,1,,1
mmlupro:5024,mmlu-pro,"D",0,0,0,,0,,,,,,0,,0,,0
mmlupro:4949,mmlu-pro,"F",0,1,1,,0,,,,,,0,,0,,0
mmlupro:4978,mmlu-pro,"B",1,1,1,,1,,,,,,1,,1,,1
mmlupro:4954,mmlu-pro,"J",1,1,1,,0,,,,,,0,,1,,1
mmlupro:4977,mmlu-pro,"H",1,1,1,,1,,,,,,1,,1,,1
mmlupro:4942,mmlu-pro,"F",1,1,1,,1,,,,,,1,,1,,
mmlupro:4981,mmlu-pro,"B",0,0,0,,0,,,,,,0,,0,,0
mmlupro:4945,mmlu-pro,"J",0,0,0,,0,,,,,,0,,0,,0
mmlupro:5007,mmlu-pro,"J",1,1,1,,1,,,,,,1,,1,,1
mmlupro:4998,mmlu-pro,"B",1,1,1,,1,,,,,,1,,1,,1
mmlupro:4967,mmlu-pro,"J",1,1,1,,1,,,,,,1,,1,,1
mmlupro:5030,mmlu-pro,"A",0,1,1,,1,,,,,,1,,1,,1
mmlupro:4991,mmlu-pro,"G",0,1,0,,0,,,,,,0,,1,,1
mmlupro:4957,mmlu-pro,"A",1,1,1,,1,,,,,,1,,1,,1
mmlupro:4999,mmlu-pro,"E",1,1,1,,1,,,,,,1,,1,,1
mmlupro:5016,mmlu-pro,"E",1,1,0,,1,,,,,,0,,1,,1
mmlupro:4990,mmlu-pro,"A",1,1,1,,1,,,,,,1,,1,,1
mmlupro:4972,mmlu-pro,"D",1,1,1,,1,,,,,,1,,1,,1
mmlupro:5018,mmlu-pro,"F",0,0,1,,1,,,,,,0,,0,,0
mmlupro:5009,mmlu-pro,"A",1,1,1,,1,,,,,,1,,1,,1
mmlupro:5000,mmlu-pro,"I",1,1,1,,1,,,,,,1,,1,,0
mmlupro:5036,mmlu-pro,"A",1,1,1,,1,,,,,,1,,1,,1
mmlupro:4956,mmlu-pro,"C",1,1,1,,1,,,,,,1,,1,,1
mmlupro:5003,mmlu-pro,"C",0,1,1,,0,,,,,,1,,1,,1
mmlupro:5011,mmlu-pro,"I",1,1,1,,1,,,,,,1,,1,,1
mmlupro:4975,mmlu-pro,"C",1,1,1,,1,,,,,,1,,1,,1
mmlupro:1775,mmlu-pro,"E",0,0,0,,0,,,,,,0,,1,,
mmlupro:935,mmlu-pro,"D",0,1,0,,0,,,,,,0,,1,,
mmlupro:1354,mmlu-pro,"D",0,1,1,,1,,,,,,0,,1,,1
mmlupro:943,mmlu-pro,"F",1,1,1,,1,,,,,,1,,1,,
mmlupro:1364,mmlu-pro,"G",0,1,1,,0,,,,,,1,,1,,
mmlupro:1292,mmlu-pro,"H",1,1,1,,1,,,,,,0,,1,,1
mmlupro:952,mmlu-pro,"D",1,1,1,,1,,,,,,1,,0,,1
mmlupro:910,mmlu-pro,"B",0,1,1,,1,,,,,,1,,1,,1
mmlupro:1358,mmlu-pro,"D",1,1,1,,1,,,,,,1,,1,,1
mmlupro:1733,mmlu-pro,"I",0,0,0,,0,,,,,,0,,0,,
mmlupro:957,mmlu-pro,"G",0,1,1,,1,,,,,,1,,0,,
mmlupro:1284,mmlu-pro,"F",1,1,1,,0,,,,,,0,,0,,1
mmlupro:953,mmlu-pro,"C",0,1,1,,0,,,,,,1,,1,,1
mmlupro:1370,mmlu-pro,"G",0,0,0,,0,,,,,,0,,0,,0
mmlupro:1706,mmlu-pro,"C",1,0,1,,1,,,,,,1,,1,,1
mmlupro:931,mmlu-pro,"B",1,1,1,,1,,,,,,0,,1,,1
mmlupro:1320,mmlu-pro,"A",1,1,1,,1,,,,,,1,,1,,1
mmlupro:1294,mmlu-pro,"H",1,1,1,,1,,,,,,1,,1,,1
mmlupro:1789,mmlu-pro,"F",1,1,0,,1,,,,,,0,,1,,0
mmlupro:1746,mmlu-pro,"C",1,1,1,,1,,,,,,1,,1,,1
mmlupro:972,mmlu-pro,"F",0,1,1,,1,,,,,,0,,1,,
mmlupro:1741,mmlu-pro,"E",1,1,1,,1,,,,,,1,,1,,1
mmlupro:1792,mmlu-pro,"H",0,1,1,,0,,,,,,1,,1,,0
mmlupro:1719,mmlu-pro,"I",1,1,1,,0,,,,,,1,,1,,1
mmlupro:941,mmlu-pro,"F",0,1,1,,0,,,,,,0,,0,,1
mmlupro:1365,mmlu-pro,"H",0,0,0,,0,,,,,,0,,0,,
mmlupro:1350,mmlu-pro,"H",1,1,1,,1,,,,,,1,,1,,1
mmlupro:965,mmlu-pro,"F",0,1,0,,0,,,,,,0,,1,,
mmlupro:1348,mmlu-pro,"I",0,1,1,,1,,,,,,0,,1,,1
mmlupro:1334,mmlu-pro,"C",1,1,1,,0,,,,,,0,,1,,1
mmlupro:1326,mmlu-pro,"J",1,1,1,,1,,,,,,1,,1,,1
mmlupro:1793,mmlu-pro,"G",1,1,1,,1,,,,,,1,,1,,1
mmlupro:1301,mmlu-pro,"C",1,1,1,,1,,,,,,0,,1,,1
mmlupro:936,mmlu-pro,"A",0,1,0,,0,,,,,,0,,0,,1
mmlupro:898,mmlu-pro,"C",1,1,1,,0,,,,,,1,,1,,1
mmlupro:1765,mmlu-pro,"J",0,1,1,,0,,,,,,1,,1,,
mmlupro:887,mmlu-pro,"A",0,0,0,,0,,,,,,0,,0,,0
mmlupro:1330,mmlu-pro,"H",0,1,1,,0,,,,,,0,,1,,1
mmlupro:1756,mmlu-pro,"H",1,1,1,,1,,,,,,0,,1,,
mmlupro:1754,mmlu-pro,"E",0,0,0,,0,,,,,,0,,0,,
mmlupro:1309,mmlu-pro,"E",0,1,1,,0,,,,,,0,,1,,1
mmlupro:1750,mmlu-pro,"G",1,1,1,,1,,,,,,0,,1,,1
mmlupro:7795,mmlu-pro,"F",1,1,1,,1,,,,,,1,,1,,1
mmlupro:8615,mmlu-pro,"E",1,1,1,,1,,,,,,1,,1,,1
mmlupro:8621,mmlu-pro,"B",1,1,1,,1,,,,,,1,,1,,1
mmlupro:8603,mmlu-pro,"C",1,1,1,,1,,,,,,1,,1,,1
mmlupro:8614,mmlu-pro,"H",1,1,1,,1,,,,,,1,,1,,1
mmlupro:8676,mmlu-pro,"A",1,1,1,,1,,,,,,1,,1,,1
mmlupro:7817,mmlu-pro,"H",1,1,1,,1,,,,,,1,,1,,1
mmlupro:8646,mmlu-pro,"J",1,1,1,,1,,,,,,1,,1,,1
mmlupro:8217,mmlu-pro,"A",1,1,1,,1,,,,,,1,,1,,1
mmlupro:7787,mmlu-pro,"C",1,1,1,,1,,,,,,0,,1,,1
mmlupro:9006,mmlu-pro,"F",1,1,1,,1,,,,,,1,,1,,1
mmlupro:8236,mmlu-pro,"A",1,1,1,,1,,,,,,1,,1,,1
mmlupro:8194,mmlu-pro,"H",1,1,1,,1,,,,,,1,,1,,1
mmlupro:7827,mmlu-pro,"C",1,1,1,,1,,,,,,1,,1,,1
mmlupro:7790,mmlu-pro,"G",1,1,1,,1,,,,,,1,,1,,1
mmlupro:8186,mmlu-pro,"H",1,1,1,,1,,,,,,1,,1,,1
mmlupro:7803,mmlu-pro,"F",1,1,1,,1,,,,,,1,,1,,1
mmlupro:8644,mmlu-pro,"E",1,1,1,,1,,,,,,1,,1,,1
mmlupro:7815,mmlu-pro,"J",1,1,1,,1,,,,,,1,,1,,1
mmlupro:8270,mmlu-pro,"J",1,1,1,,1,,,,,,1,,1,,1
mmlupro:9016,mmlu-pro,"C",1,1,1,,1,,,,,,1,,1,,1
mmlupro:8677,mmlu-pro,"A",1,1,1,,1,,,,,,1,,1,,1
mmlupro:8640,mmlu-pro,"A",1,1,1,,1,,,,,,1,,1,,1
mmlupro:8635,mmlu-pro,"D",1,1,1,,1,,,,,,1,,1,,1
mmlupro:7879,mmlu-pro,"B",1,1,1,,1,,,,,,0,,,,
mmlupro:8680,mmlu-pro,"C",0,1,1,,0,,,,,,1,,1,,1
mmlupro:7814,mmlu-pro,"J",1,1,1,,1,,,,,,0,,1,,1
mmlupro:8994,mmlu-pro,"G",1,1,1,,1,,,,,,1,,1,,1
mmlupro:8593,mmlu-pro,"E",1,1,1,,1,,,,,,1,,1,,1
mmlupro:8248,mmlu-pro,"D",1,1,1,,1,,,,,,1,,1,,1
mmlupro:8672,mmlu-pro,"I",1,1,1,,1,,,,,,1,,1,,1
mmlupro:8602,mmlu-pro,"J",1,1,1,,1,,,,,,1,,1,,1
mmlupro:8246,mmlu-pro,"F",1,1,1,,1,,,,,,1,,1,,1
mmlupro:8198,mmlu-pro,"C",1,1,1,,1,,,,,,1,,1,,1
mmlupro:7792,mmlu-pro,"H",1,1,1,,1,,,,,,1,,1,,1
mmlupro:8245,mmlu-pro,"H",1,1,1,,1,,,,,,1,,1,,1
mmlupro:8196,mmlu-pro,"I",1,1,1,,1,,,,,,1,,1,,1
mmlupro:7825,mmlu-pro,"B",1,1,1,,1,,,,,,1,,1,,1
mmlupro:8244,mmlu-pro,"J",1,1,1,,1,,,,,,1,,1,,1
mmlupro:8638,mmlu-pro,"C",1,1,1,,1,,,,,,1,,1,,1
mmlupro:7866,mmlu-pro,"H",1,1,1,,1,,,,,,1,,1,,1
mmlupro:8591,mmlu-pro,"J",1,1,1,,1,,,,,,1,,1,,1
mmlupro:5387,mmlu-pro,"E",1,1,1,,1,,,,,,0,,1,,1
mmlupro:5376,mmlu-pro,"G",1,1,1,,1,,,,,,1,,1,,1
mmlupro:5804,mmlu-pro,"C",1,1,1,,1,,,,,,1,,1,,1
mmlupro:5842,mmlu-pro,"D",0,1,1,,1,,,,,,1,,1,,
mmlupro:5414,mmlu-pro,"D",1,1,1,,1,,,,,,1,,1,,1
mmlupro:5825,mmlu-pro,"I",1,1,1,,1,,,,,,1,,1,,1
mmlupro:5367,mmlu-pro,"D",0,0,0,,0,,,,,,0,,0,,0
mmlupro:5845,mmlu-pro,"J",1,1,1,,1,,,,,,1,,1,,
mmlupro:5826,mmlu-pro,"E",0,1,1,,0,,,,,,1,,1,,1
mmlupro:5813,mmlu-pro,"G",1,1,1,,1,,,,,,1,,1,,1
mmlupro:5854,mmlu-pro,"A",0,1,1,,1,,,,,,0,,1,,1
mmlupro:5805,mmlu-pro,"I",1,1,1,,1,,,,,,1,,1,,1
mmlupro:5852,mmlu-pro,"B",1,1,1,,1,,,,,,1,,1,,1
mmlupro:5837,mmlu-pro,"B",1,1,1,,1,,,,,,1,,1,,1
mmlupro:5378,mmlu-pro,"B",0,1,0,,0,,,,,,0,,0,,
mmlupro:5799,mmlu-pro,"A",1,1,1,,1,,,,,,1,,1,,1
mmlupro:5346,mmlu-pro,"F",1,1,1,,1,,,,,,1,,1,,1
mmlupro:5830,mmlu-pro,"E",1,1,1,,1,,,,,,1,,1,,1
mmlupro:5345,mmlu-pro,"A",1,1,1,,1,,,,,,0,,1,,1
mmlupro:5828,mmlu-pro,"C",1,1,1,,1,,,,,,1,,1,,1
mmlupro:5809,mmlu-pro,"G",1,0,0,,0,,,,,,1,,0,,1
mmlupro:5373,mmlu-pro,"E",1,1,1,,1,,,,,,1,,1,,0
mmlupro:5355,mmlu-pro,"C",1,0,1,,1,,,,,,1,,1,,
mmlupro:5844,mmlu-pro,"A",1,1,1,,1,,,,,,1,,1,,1
mmlupro:5787,mmlu-pro,"D",1,1,1,,0,,,,,,1,,1,,1
mmlupro:5770,mmlu-pro,"D",1,1,1,,1,,,,,,1,,1,,1
mmlupro:5780,mmlu-pro,"A",1,1,1,,1,,,,,,1,,1,,1
mmlupro:5811,mmlu-pro,"H",1,1,1,,1,,,,,,1,,1,,1
mmlupro:5442,mmlu-pro,"G",0,0,0,,0,,,,,,0,,0,,0
mmlupro:5800,mmlu-pro,"A",1,1,1,,1,,,,,,1,,0,,1
mmlupro:5817,mmlu-pro,"G",0,1,0,,1,,,,,,1,,1,,1
mmlupro:5784,mmlu-pro,"H",1,1,1,,1,,,,,,1,,1,,1
mmlupro:5808,mmlu-pro,"G",0,1,1,,0,,,,,,0,,0,,0
mmlupro:5840,mmlu-pro,"C",1,1,1,,1,,,,,,1,,1,,
mmlupro:5763,mmlu-pro,"B",1,1,1,,1,,,,,,1,,1,,1
mmlupro:5756,mmlu-pro,"G",1,1,1,,0,,,,,,1,,1,,1
mmlupro:5363,mmlu-pro,"B",0,1,0,,0,,,,,,0,,0,,0
mmlupro:5399,mmlu-pro,"D",1,1,1,,1,,,,,,0,,1,,1
mmlupro:5423,mmlu-pro,"C",1,1,1,,1,,,,,,1,,1,,1
mmlupro:5796,mmlu-pro,"I",1,1,1,,1,,,,,,1,,1,,1
mmlupro:5439,mmlu-pro,"C",0,1,1,,1,,,,,,0,,1,,1
mmlupro:5419,mmlu-pro,"F",1,1,1,,1,,,,,,1,,1,,1
mmlupro:11038,mmlu-pro,"H",0,1,1,,0,,,,,,1,,1,,0
mmlupro:11048,mmlu-pro,"F",1,0,0,,0,,,,,,0,,1,,
mmlupro:11043,mmlu-pro,"D",1,1,1,,1,,,,,,1,,1,,1
mmlupro:11092,mmlu-pro,"B",0,0,0,,0,,,,,,0,,0,,0
mmlupro:11068,mmlu-pro,"A",,1,0,,0,,,,,,1,,1,,1
mmlupro:11066,mmlu-pro,"A",0,0,0,,0,,,,,,0,,1,,1
mmlupro:11105,mmlu-pro,"B",1,1,1,,1,,,,,,1,,1,,1
mmlupro:11047,mmlu-pro,"A",1,1,1,,1,,,,,,1,,1,,1
mmlupro:11032,mmlu-pro,"E",1,1,0,,0,,,,,,1,,1,,1
mmlupro:11085,mmlu-pro,"J",1,1,1,,0,,,,,,0,,1,,
mmlupro:11057,mmlu-pro,"E",0,0,0,,0,,,,,,0,,0,,0
mmlupro:11094,mmlu-pro,"H",1,1,0,,1,,,,,,1,,1,,1
mmlupro:11111,mmlu-pro,"D",1,1,1,,1,,,,,,1,,1,,1
mmlupro:11096,mmlu-pro,"E",1,1,1,,1,,,,,,1,,1,,1
mmlupro:11107,mmlu-pro,"H",1,1,1,,0,,,,,,1,,1,,1
mmlupro:11072,mmlu-pro,"J",1,1,1,,1,,,,,,1,,1,,1
mmlupro:11053,mmlu-pro,"A",1,1,1,,1,,,,,,1,,1,,1
mmlupro:11040,mmlu-pro,"D",,1,1,,1,,,,,,1,,1,,1
mmlupro:11117,mmlu-pro,"C",1,1,1,,1,,,,,,1,,1,,1
mmlupro:11062,mmlu-pro,"A",1,1,1,,1,,,,,,1,,1,,1
mmlupro:11051,mmlu-pro,"A",1,1,1,,1,,,,,,1,,1,,1
mmlupro:11076,mmlu-pro,"E",1,1,1,,1,,,,,,1,,1,,1
mmlupro:11114,mmlu-pro,"H",0,1,0,,0,,,,,,0,,0,,
mmlupro:11058,mmlu-pro,"G",0,1,1,,1,,,,,,1,,0,,
mmlupro:11108,mmlu-pro,"D",,1,1,,1,,,,,,0,,1,,1
mmlupro:11022,mmlu-pro,"H",0,1,0,,0,,,,,,0,,1,,
mmlupro:11077,mmlu-pro,"D",1,1,1,,1,,,,,,1,,1,,1
mmlupro:11065,mmlu-pro,"G",1,1,0,,1,,,,,,1,,1,,1
mmlupro:11101,mmlu-pro,"B",1,1,1,,1,,,,,,1,,1,,1
mmlupro:11019,mmlu-pro,"H",0,1,1,,1,,,,,,1,,1,,1
mmlupro:11075,mmlu-pro,"C",1,1,1,,1,,,,,,1,,1,,1
mmlupro:11035,mmlu-pro,"H",1,1,1,,1,,,,,,1,,1,,1
mmlupro:11056,mmlu-pro,"A",,1,1,,1,,,,,,0,,1,,1
mmlupro:11073,mmlu-pro,"F",1,1,0,,0,,,,,,0,,0,,
mmlupro:11104,mmlu-pro,"A",1,1,1,,1,,,,,,1,,1,,1
mmlupro:11054,mmlu-pro,"B",0,1,1,,0,,,,,,0,,1,,1
mmlupro:11036,mmlu-pro,"B",1,0,0,,0,,,,,,0,,1,,0
mmlupro:11110,mmlu-pro,"E",1,1,1,,1,,,,,,1,,1,,
mmlupro:11021,mmlu-pro,"D",1,1,1,,1,,,,,,1,,1,,1
mmlupro:11016,mmlu-pro,"J",1,1,1,,1,,,,,,1,,1,,1
mmlupro:11071,mmlu-pro,"F",1,1,1,,1,,,,,,0,,1,,1
mmlupro:11067,mmlu-pro,"F",1,1,1,,1,,,,,,1,,1,,1
mmlupro:9077,mmlu-pro,"J",1,1,1,,1,,,,,,1,,1,,1
mmlupro:9464,mmlu-pro,"G",1,1,1,,1,,,,,,1,,1,,1
mmlupro:9065,mmlu-pro,"B",1,0,1,,1,,,,,,1,,1,,0
mmlupro:9810,mmlu-pro,"J",1,1,1,,1,,,,,,1,,1,,1
mmlupro:9413,mmlu-pro,"A",1,1,1,,1,,,,,,1,,1,,1
mmlupro:9053,mmlu-pro,"J",1,1,1,,1,,,,,,1,,1,,1
mmlupro:9080,mmlu-pro,"E",1,1,1,,1,,,,,,0,,1,,1
mmlupro:10239,mmlu-pro,"H",1,1,1,,1,,,,,,1,,1,,1
mmlupro:9817,mmlu-pro,"B",1,1,1,,1,,,,,,1,,1,,1
mmlupro:10275,mmlu-pro,"F",1,1,1,,1,,,,,,1,,1,,1
mmlupro:10288,mmlu-pro,"E",1,1,1,,1,,,,,,1,,1,,1
mmlupro:9477,mmlu-pro,"D",1,1,1,,1,,,,,,1,,1,,1
mmlupro:9814,mmlu-pro,"I",1,1,1,,1,,,,,,0,,1,,1
mmlupro:9791,mmlu-pro,"I",1,1,1,,1,,,,,,1,,1,,1
mmlupro:10202,mmlu-pro,"A",1,1,1,,1,,,,,,1,,1,,1
mmlupro:10265,mmlu-pro,"G",1,1,1,,1,,,,,,1,,1,,1
mmlupro:9056,mmlu-pro,"I",1,1,1,,1,,,,,,1,,1,,1
mmlupro:9790,mmlu-pro,"D",1,1,1,,1,,,,,,1,,1,,1
mmlupro:9402,mmlu-pro,"F",1,1,1,,1,,,,,,1,,1,,1
mmlupro:9403,mmlu-pro,"G",1,1,1,,1,,,,,,1,,1,,1
mmlupro:9443,mmlu-pro,"B",0,0,0,,0,,,,,,1,,1,,0
mmlupro:9434,mmlu-pro,"C",1,1,1,,1,,,,,,1,,1,,1
mmlupro:9448,mmlu-pro,"F",1,1,1,,1,,,,,,0,,1,,
mmlupro:9426,mmlu-pro,"F",1,1,1,,1,,,,,,1,,1,,1
mmlupro:9803,mmlu-pro,"I",1,1,1,,1,,,,,,1,,1,,1
mmlupro:10218,mmlu-pro,"D",1,1,1,,1,,,,,,1,,1,,1
mmlupro:9826,mmlu-pro,"G",1,1,1,,1,,,,,,1,,1,,1
mmlupro:9417,mmlu-pro,"A",1,1,0,,1,,,,,,0,,0,,1
mmlupro:10200,mmlu-pro,"J",1,1,1,,1,,,,,,1,,1,,1
mmlupro:9451,mmlu-pro,"C",1,1,1,,1,,,,,,1,,1,,1
mmlupro:9885,mmlu-pro,"C",1,1,1,,1,,,,,,1,,1,,1
mmlupro:10248,mmlu-pro,"F",1,1,1,,1,,,,,,1,,1,,1
mmlupro:9829,mmlu-pro,"H",0,1,0,,0,,,,,,1,,0,,0
mmlupro:9071,mmlu-pro,"D",0,0,0,,0,,,,,,0,,0,,
mmlupro:9398,mmlu-pro,"G",1,1,1,,1,,,,,,1,,1,,1
mmlupro:9062,mmlu-pro,"A",1,1,1,,1,,,,,,1,,1,,1
mmlupro:9801,mmlu-pro,"I",1,1,1,,1,,,,,,1,,1,,1
mmlupro:10236,mmlu-pro,"F",1,1,1,,1,,,,,,1,,1,,1
mmlupro:9806,mmlu-pro,"H",1,1,1,,1,,,,,,1,,1,,1
mmlupro:9855,mmlu-pro,"H",1,1,1,,1,,,,,,1,,1,,1
mmlupro:9884,mmlu-pro,"F",1,1,1,,1,,,,,,1,,,,1
mmlupro:9052,mmlu-pro,"C",1,1,1,,1,,,,,,0,,1,,1
mmlupro:2125,mmlu-pro,"E",1,1,1,,1,,,,,,1,,1,,1
mmlupro:2177,mmlu-pro,"F",1,1,1,,1,,,,,,1,,1,,
mmlupro:2528,mmlu-pro,"J",1,1,1,,0,,,,,,1,,1,,1
mmlupro:2534,mmlu-pro,"A",1,1,1,,1,,,,,,1,,1,,1
mmlupro:2170,mmlu-pro,"H",1,1,1,,1,,,,,,1,,1,,1
mmlupro:2508,mmlu-pro,"E",0,1,0,,0,,,,,,0,,1,,1
mmlupro:2183,mmlu-pro,"B",1,1,1,,1,,,,,,1,,1,,1
mmlupro:2194,mmlu-pro,"C",1,1,1,,1,,,,,,1,,1,,
mmlupro:2126,mmlu-pro,"A",1,1,1,,1,,,,,,1,,1,,1
mmlupro:2599,mmlu-pro,"A",1,1,1,,1,,,,,,1,,1,,1
mmlupro:2571,mmlu-pro,"E",1,1,1,,1,,,,,,1,,1,,1
mmlupro:2174,mmlu-pro,"A",1,1,1,,1,,,,,,1,,1,,1
mmlupro:2588,mmlu-pro,"C",1,0,0,,0,,,,,,0,,1,,0
mmlupro:2115,mmlu-pro,"I",1,1,1,,1,,,,,,1,,1,,1
mmlupro:2539,mmlu-pro,"E",1,0,0,,0,,,,,,0,,0,,
mmlupro:2521,mmlu-pro,"B",1,0,0,,1,,,,,,0,,1,,0
mmlupro:2106,mmlu-pro,"G",1,1,1,,1,,,,,,1,,1,,1
mmlupro:2545,mmlu-pro,"H",1,1,1,,1,,,,,,1,,1,,1
mmlupro:2187,mmlu-pro,"D",1,1,1,,1,,,,,,1,,1,,1
mmlupro:2157,mmlu-pro,"H",1,1,0,,1,,,,,,0,,1,,1
mmlupro:2135,mmlu-pro,"C",1,1,1,,0,,,,,,0,,1,,1
mmlupro:2107,mmlu-pro,"C",1,1,1,,1,,,,,,1,,1,,1
mmlupro:2112,mmlu-pro,"E",1,1,1,,1,,,,,,1,,1,,1
mmlupro:2593,mmlu-pro,"F",0,1,1,,0,,,,,,0,,1,,
mmlupro:2556,mmlu-pro,"A",1,1,1,,1,,,,,,1,,1,,1
mmlupro:2196,mmlu-pro,"I",0,1,0,,0,,,,,,0,,0,,0
mmlupro:2589,mmlu-pro,"C",1,1,1,,1,,,,,,1,,1,,1
mmlupro:2579,mmlu-pro,"B",1,1,1,,1,,,,,,1,,1,,1
mmlupro:2181,mmlu-pro,"A",1,1,1,,1,,,,,,1,,1,,1
mmlupro:2199,mmlu-pro,"H",1,1,1,,1,,,,,,1,,0,,0
mmlupro:2178,mmlu-pro,"F",,0,0,,0,,,,,,0,,0,,0
mmlupro:2127,mmlu-pro,"B",1,1,1,,1,,,,,,1,,1,,1
mmlupro:2188,mmlu-pro,"J",1,1,1,,1,,,,,,1,,1,,1
mmlupro:2544,mmlu-pro,"E",1,1,1,,0,,,,,,1,,1,,1
mmlupro:2128,mmlu-pro,"I",1,1,1,,1,,,,,,1,,1,,1
mmlupro:2111,mmlu-pro,"A",1,1,1,,1,,,,,,1,,1,,1
mmlupro:2592,mmlu-pro,"F",0,0,0,,0,,,,,,0,,0,,0
mmlupro:2561,mmlu-pro,"B",1,1,1,,1,,,,,,1,,1,,1
mmlupro:2573,mmlu-pro,"B",1,1,1,,1,,,,,,1,,1,,1
mmlupro:2577,mmlu-pro,"H",1,1,1,,1,,,,,,1,,1,,1
mmlupro:2531,mmlu-pro,"B",1,1,1,,1,,,,,,1,,1,,1
mmlupro:2529,mmlu-pro,"E",1,1,1,,1,,,,,,1,,1,,1
gsm8k:96335814,gsm8k,"243",1,1,1,,1,,,,,,1,,1,,1
gsm8k:88710808,gsm8k,"23",1,1,1,,1,,,,,,1,,1,,1
gsm8k:98868555,gsm8k,"623",1,1,1,,1,,,,,,1,,1,,1
gsm8k:56233864,gsm8k,"16",1,1,1,,1,,,,,,1,,1,,1
gsm8k:13534384,gsm8k,"13",1,1,1,,1,,,,,,1,,1,,1
gsm8k:24237173,gsm8k,"13",1,1,1,,1,,,,,,0,,1,,0
gsm8k:9345058,gsm8k,"83",1,1,1,,1,,,,,,1,,1,,1
gsm8k:87317664,gsm8k,"50",1,1,1,,1,,,,,,1,,1,,1
gsm8k:32371605,gsm8k,"12",1,1,1,,1,,,,,,1,,1,,1
gsm8k:21499041,gsm8k,"694",1,1,1,,1,,,,,,1,,1,,1
gsm8k:85220397,gsm8k,"32",1,1,1,,1,,,,,,1,,1,,1
gsm8k:51675102,gsm8k,"19",1,1,1,,1,,,,,,1,,1,,1
gsm8k:34119552,gsm8k,"50",1,1,1,,1,,,,,,1,,1,,1
gsm8k:35314722,gsm8k,"20",1,1,1,,1,,,,,,1,,1,,1
gsm8k:90565584,gsm8k,"25",1,1,1,,1,,,,,,1,,1,,1
gsm8k:88670149,gsm8k,"36",1,1,1,,1,,,,,,1,,1,,1
gsm8k:89519755,gsm8k,"112",1,1,1,,1,,,,,,1,,1,,1
gsm8k:25003643,gsm8k,"540",1,1,1,,1,,,,,,1,,1,,1
gsm8k:88237028,gsm8k,"28",1,1,1,,1,,,,,,1,,1,,1
gsm8k:88242136,gsm8k,"70",1,1,1,,1,,,,,,1,,1,,1
gsm8k:81152587,gsm8k,"60",1,1,1,,1,,,,,,1,,1,,1
gsm8k:16782229,gsm8k,"621",1,1,1,,1,,,,,,1,,1,,1
gsm8k:43040496,gsm8k,"6250",1,1,1,,1,,,,,,1,,1,,1
gsm8k:22771461,gsm8k,"81",1,1,1,,1,,,,,,1,,1,,1
gsm8k:78033896,gsm8k,"1170",1,1,1,,1,,,,,,1,,1,,1
gsm8k:67799340,gsm8k,"18",1,1,1,,1,,,,,,1,,1,,1
gsm8k:72059297,gsm8k,"60",1,1,1,,1,,,,,,1,,1,,1
gsm8k:72566868,gsm8k,"60",1,1,1,,1,,,,,,1,,1,,1
gsm8k:60741656,gsm8k,"20",1,1,1,,1,,,,,,1,,1,,1
gsm8k:24884251,gsm8k,"25",1,1,1,,1,,,,,,1,,1,,1
gsm8k:69580401,gsm8k,"80",1,1,1,,1,,,,,,1,,1,,1
gsm8k:18235801,gsm8k,"18",1,1,1,,1,,,,,,1,,1,,1
gsm8k:5822294,gsm8k,"220",1,1,1,,1,,,,,,1,,1,,1
gsm8k:48494515,gsm8k,"40",1,1,1,,1,,,,,,1,,1,,1
gsm8k:31117534,gsm8k,"1596",1,1,1,,1,,,,,,1,,1,,1
gsm8k:39280478,gsm8k,"123",1,1,1,,1,,,,,,1,,1,,1
gsm8k:2733754,gsm8k,"20",1,1,1,,1,,,,,,1,,1,,1
gsm8k:34576808,gsm8k,"570",1,1,1,,1,,,,,,1,,1,,1
gsm8k:46393575,gsm8k,"90",1,1,1,,1,,,,,,1,,1,,1
gsm8k:7273108,gsm8k,"9",1,1,1,,1,,,,,,1,,1,,1
gsm8k:52463203,gsm8k,"55",1,1,1,,1,,,,,,1,,1,,1
gsm8k:41586833,gsm8k,"284",1,1,1,,1,,,,,,1,,1,,1
gsm8k:99845915,gsm8k,"78",1,1,1,,1,,,,,,1,,1,,1
gsm8k:165483,gsm8k,"230",1,1,1,,1,,,,,,1,,1,,1
gsm8k:56672007,gsm8k,"168",1,1,1,,1,,,,,,1,,1,,1
gsm8k:6501842,gsm8k,"60",1,1,1,,1,,,,,,1,,1,,1
gsm8k:1662560,gsm8k,"4500",1,1,1,,1,,,,,,1,,1,,1
gsm8k:11496789,gsm8k,"132",1,1,1,,1,,,,,,1,,1,,1
gsm8k:92666117,gsm8k,"1128",1,1,0,,1,,,,,,1,,1,,1
gsm8k:17145194,gsm8k,"59",1,1,1,,1,,,,,,1,,1,,1
gsm8k:14695039,gsm8k,"48",0,1,0,,0,,,,,,0,,0,,0
gsm8k:97044289,gsm8k,"221",1,1,1,,1,,,,,,1,,1,,1
gsm8k:32629253,gsm8k,"125",1,1,1,,1,,,,,,1,,1,,1
gsm8k:34494631,gsm8k,"7200",1,1,1,,1,,,,,,1,,1,,1
gsm8k:44862067,gsm8k,"3430",1,1,1,,1,,,,,,1,,1,,1
gsm8k:17745012,gsm8k,"260",1,1,1,,1,,,,,,1,,1,,1
gsm8k:62809042,gsm8k,"180",1,1,1,,1,,,,,,1,,1,,1
gsm8k:12398455,gsm8k,"310",1,1,1,,1,,,,,,1,,1,,1
gsm8k:29522434,gsm8k,"48",1,1,1,,1,,,,,,1,,1,,1
gsm8k:21859388,gsm8k,"64",1,1,1,,1,,,,,,1,,1,,1
gsm8k:60553845,gsm8k,"11",1,1,1,,1,,,,,,1,,1,,1
gsm8k:61031937,gsm8k,"12",1,1,1,,1,,,,,,1,,1,,1
gsm8k:35737621,gsm8k,"250",1,1,1,,1,,,,,,1,,1,,1
gsm8k:58998374,gsm8k,"1",1,1,1,,1,,,,,,1,,1,,1
gsm8k:71420261,gsm8k,"225",1,1,1,,1,,,,,,1,,1,,1
gsm8k:69223710,gsm8k,"1218",1,1,1,,1,,,,,,1,,1,,1
gsm8k:52236727,gsm8k,"14",1,1,1,,1,,,,,,1,,1,,1
gsm8k:16382945,gsm8k,"110",1,1,1,,1,,,,,,1,,1,,1
gsm8k:55543675,gsm8k,"3",1,1,1,,1,,,,,,1,,1,,1
gsm8k:57715066,gsm8k,"15",1,1,1,,1,,,,,,1,,1,,1
gsm8k:29510783,gsm8k,"56",1,1,1,,1,,,,,,1,,1,,1
gsm8k:76972664,gsm8k,"27",1,1,1,,1,,,,,,1,,1,,1
gsm8k:17705697,gsm8k,"30",1,1,1,,1,,,,,,1,,1,,1
gsm8k:22836004,gsm8k,"40",1,1,1,,1,,,,,,1,,1,,1
gsm8k:1241698,gsm8k,"50",1,1,1,,1,,,,,,1,,1,,1
gsm8k:75803445,gsm8k,"44",0,1,0,,1,,,,,,1,,1,,1
gsm8k:5930759,gsm8k,"56",1,1,1,,1,,,,,,1,,1,,1
gsm8k:42006957,gsm8k,"60",1,1,1,,1,,,,,,1,,1,,1
gsm8k:19836177,gsm8k,"20",1,1,1,,1,,,,,,1,,1,,1
gsm8k:54725980,gsm8k,"15",1,1,1,,1,,,,,,1,,1,,1
gsm8k:95445294,gsm8k,"100",1,1,1,,1,,,,,,1,,1,,1
gsm8k:19452834,gsm8k,"5",1,1,1,,1,,,,,,1,,1,,1
gsm8k:95117723,gsm8k,"240",1,1,1,,1,,,,,,1,,1,,1
gsm8k:30172769,gsm8k,"6",1,1,1,,1,,,,,,1,,1,,1
gsm8k:54495038,gsm8k,"10",1,1,1,,1,,,,,,1,,1,,1
gsm8k:13370489,gsm8k,"10",1,1,1,,1,,,,,,1,,1,,1
gsm8k:57280812,gsm8k,"8",0,1,0,,1,,,,,,1,,,,1
gsm8k:5359835,gsm8k,"8",1,1,1,,1,,,,,,1,,1,,1
gsm8k:36454283,gsm8k,"3",1,1,1,,1,,,,,,1,,1,,1
gsm8k:90174564,gsm8k,"15",1,1,1,,1,,,,,,1,,1,,1
gsm8k:34833249,gsm8k,"20",1,1,1,,1,,,,,,1,,1,,1
gsm8k:38740575,gsm8k,"539",1,1,1,,1,,,,,,1,,1,,1
gsm8k:76189731,gsm8k,"5",1,1,1,,1,,,,,,1,,1,,1
gsm8k:97889500,gsm8k,"70",1,1,1,,1,,,,,,1,,1,,1
gsm8k:74927387,gsm8k,"153",1,1,1,,1,,,,,,1,,1,,1
gsm8k:44542215,gsm8k,"3",1,1,1,,1,,,,,,1,,1,,1
gsm8k:2608024,gsm8k,"50",1,1,1,,1,,,,,,1,,1,,1
gsm8k:78408703,gsm8k,"20",1,1,1,,1,,,,,,1,,1,,1
gsm8k:96558397,gsm8k,"2",0,1,1,,1,,,,,,0,,0,,1
gsm8k:77109022,gsm8k,"6",1,1,1,,1,,,,,,1,,1,,1
gsm8k:3862255,gsm8k,"30",1,1,1,,1,,,,,,1,,1,,1
gsm8k:44987096,gsm8k,"350",1,1,1,,1,,,,,,1,,1,,1
gsm8k:56345372,gsm8k,"460",1,1,1,,1,,,,,,1,,1,,1
gsm8k:39281440,gsm8k,"90",1,1,1,,1,,,,,,1,,1,,1
gsm8k:13906339,gsm8k,"9360",1,1,1,,0,,,,,,1,,0,,1
gsm8k:53311854,gsm8k,"16",1,1,1,,1,,,,,,1,,1,,1
gsm8k:32997703,gsm8k,"31",1,1,1,,1,,,,,,1,,1,,1
gsm8k:33096901,gsm8k,"15",1,1,1,,1,,,,,,1,,1,,1
gsm8k:77361837,gsm8k,"60",1,1,1,,1,,,,,,1,,1,,1
gsm8k:78569093,gsm8k,"40",1,1,1,,1,,,,,,1,,1,,1
gsm8k:53741433,gsm8k,"22",1,1,1,,1,,,,,,1,,1,,1
gsm8k:79734476,gsm8k,"140",1,1,1,,1,,,,,,1,,1,,1
gsm8k:30677274,gsm8k,"800",1,1,1,,1,,,,,,1,,1,,1
gsm8k:30747375,gsm8k,"75",1,1,1,,1,,,,,,1,,1,,1
gsm8k:85496510,gsm8k,"15",1,1,1,,1,,,,,,1,,1,,1
gsm8k:77369601,gsm8k,"120",1,1,1,,1,,,,,,1,,1,,1
gsm8k:64467969,gsm8k,"7",1,1,1,,1,,,,,,1,,1,,1
gsm8k:84667473,gsm8k,"34",1,1,1,,1,,,,,,1,,1,,1
gsm8k:35096377,gsm8k,"25000",1,1,1,,1,,,,,,1,,1,,1
gsm8k:11375857,gsm8k,"147",1,1,1,,1,,,,,,1,,1,,1
gsm8k:89338841,gsm8k,"168000",1,1,1,,1,,,,,,1,,1,,1
gsm8k:61425089,gsm8k,"31",1,1,1,,1,,,,,,1,,1,,1
gsm8k:23349215,gsm8k,"27",1,1,1,,1,,,,,,1,,1,,1
gsm8k:85736507,gsm8k,"16",1,1,1,,1,,,,,,0,,1,,1
gsm8k:39703894,gsm8k,"7",1,1,1,,1,,,,,,1,,1,,1
gsm8k:76346843,gsm8k,"5",1,1,1,,1,,,,,,1,,1,,1
gsm8k:98024586,gsm8k,"8",1,1,1,,1,,,,,,1,,1,,1
gsm8k:54930256,gsm8k,"120",1,1,1,,1,,,,,,1,,1,,1
gsm8k:51326054,gsm8k,"50",1,1,1,,1,,,,,,0,,1,,1
gsm8k:63117532,gsm8k,"448",1,1,1,,1,,,,,,1,,1,,1
gsm8k:47875798,gsm8k,"105",1,1,1,,1,,,,,,1,,1,,1
gsm8k:73542421,gsm8k,"4",1,1,1,,1,,,,,,1,,1,,1
gsm8k:65960208,gsm8k,"1240",1,1,1,,1,,,,,,1,,1,,1
gsm8k:55439587,gsm8k,"5",1,1,1,,1,,,,,,1,,1,,1
gsm8k:43302367,gsm8k,"15",1,1,1,,1,,,,,,1,,1,,1
gsm8k:51353723,gsm8k,"200",1,1,1,,1,,,,,,1,,1,,1
gsm8k:74370865,gsm8k,"575",1,1,1,,1,,,,,,1,,1,,1
gsm8k:45706814,gsm8k,"27",1,1,1,,1,,,,,,1,,1,,1
gsm8k:54953594,gsm8k,"70",1,1,1,,1,,,,,,1,,1,,1
gsm8k:27164794,gsm8k,"6",1,1,1,,1,,,,,,1,,1,,1
gsm8k:60603863,gsm8k,"40000",1,1,1,,1,,,,,,1,,1,,1
gsm8k:44153644,gsm8k,"17",1,1,1,,1,,,,,,1,,1,,1
gsm8k:81629907,gsm8k,"2",1,1,1,,1,,,,,,1,,1,,1
gsm8k:94978127,gsm8k,"5",1,1,1,,1,,,,,,1,,1,,1
gsm8k:33388240,gsm8k,"80",1,1,1,,1,,,,,,1,,1,,1
gsm8k:86237347,gsm8k,"324",1,1,1,,1,,,,,,1,,1,,1
gsm8k:73353519,gsm8k,"30",1,1,1,,1,,,,,,1,,1,,1
gsm8k:29812539,gsm8k,"500",1,1,1,,1,,,,,,1,,1,,1
gsm8k:19921436,gsm8k,"20",1,1,1,,1,,,,,,1,,1,,1
gsm8k:52059373,gsm8k,"15",1,1,1,,1,,,,,,1,,1,,1
gsmhard:88493305,gsm-hard,"-352886.0",1,1,1,,1,,,,,,1,,1,,1
gsmhard:32454701,gsm-hard,"36228324.0",1,1,1,,1,,,,,,1,,1,,1
gsmhard:73353519,gsm-hard,"30.0",1,1,1,,1,,,,,,1,,1,,1
gsmhard:65323210,gsm-hard,"-6721339.0",0,1,1,,0,,,,,,0,,,,1
gsmhard:25541475,gsm-hard,"-4357110.0",0,0,0,,0,,,,,,0,,0,,0
gsmhard:74528326,gsm-hard,"50.0",1,1,1,,1,,,,,,1,,1,,1
gsmhard:12757785,gsm-hard,"2103749320.0",1,1,1,,1,,,,,,0,,1,,1
gsmhard:89171239,gsm-hard,"5072529.6",1,1,1,,1,,,,,,1,,1,,1
gsmhard:31438985,gsm-hard,"53.0",1,1,1,,1,,,,,,1,,1,,1
gsmhard:4218257,gsm-hard,"396072",1,1,1,,0,,,,,,0,,1,,
gsmhard:90104808,gsm-hard,"24",1,1,1,,0,,,,,,1,,1,,
gsmhard:4503135,gsm-hard,"33880812.0",1,1,1,,1,,,,,,1,,1,,1
gsmhard:1405766,gsm-hard,"6032417.0",1,1,1,,1,,,,,,0,,1,,
gsmhard:97019604,gsm-hard,"9873855",1,1,1,,1,,,,,,1,,1,,1
gsmhard:51238238,gsm-hard,"48179.4285714286",0,0,1,,0,,,,,,1,,1,,
gsmhard:26778094,gsm-hard,"12731554.349999998",1,1,1,,1,,,,,,1,,1,,1
gsmhard:97989686,gsm-hard,"15383937.600000001",1,,1,,1,,,,,,1,,1,,1
gsmhard:37128258,gsm-hard,"50.0",1,1,1,,1,,,,,,1,,1,,1
gsmhard:7084222,gsm-hard,"1000707.6",1,1,1,,1,,,,,,1,,1,,1
gsmhard:78564002,gsm-hard,"6.0",1,1,1,,1,,,,,,1,,1,,1
gsmhard:40420242,gsm-hard,"14387074.0",1,1,1,,1,,,,,,1,,1,,1
gsmhard:63898437,gsm-hard,"278081800.0",1,1,1,,1,,,,,,1,,1,,1
gsmhard:7341438,gsm-hard,"1.0",1,1,1,,1,,,,,,1,,1,,1
gsmhard:54953594,gsm-hard,"70.0",1,1,1,,1,,,,,,1,,1,,1
gsmhard:9777073,gsm-hard,"15.0",1,1,1,,1,,,,,,1,,1,,1
gsmhard:61530187,gsm-hard,"2.0",1,1,1,,1,,,,,,1,,1,,1
gsmhard:58162408,gsm-hard,"3431580.0",1,1,1,,1,,,,,,1,,1,,1
gsmhard:18866077,gsm-hard,"13525766.0",1,1,1,,1,,,,,,1,,1,,1
gsmhard:93971486,gsm-hard,"12.0",1,1,1,,1,,,,,,1,,1,,1
gsmhard:74328970,gsm-hard,"486530.0",1,1,1,,1,,,,,,1,,1,,1
gsmhard:72787856,gsm-hard,"8778902.0",1,1,1,,1,,,,,,1,,1,,1
gsmhard:75930401,gsm-hard,"26.0",1,1,1,,1,,,,,,1,,1,,1
gsmhard:18681969,gsm-hard,"8403439.5",1,1,1,,1,,,,,,1,,1,,1
gsmhard:27175269,gsm-hard,"2400.0",1,1,1,,1,,,,,,1,,1,,1
gsmhard:20970607,gsm-hard,"-4358966.0",1,1,1,,0,,,,,,0,,1,,
gsmhard:61258154,gsm-hard,"25",1,1,1,,1,,,,,,1,,1,,1
gsmhard:90331863,gsm-hard,"45916.0",1,1,1,,1,,,,,,1,,1,,1
gsmhard:62092293,gsm-hard,"560.0",1,1,1,,1,,,,,,1,,1,,1
gsmhard:57179066,gsm-hard,"2093066.0",1,1,1,,1,,,,,,1,,1,,1
gsmhard:17628446,gsm-hard,"9815396.0",1,1,1,,1,,,,,,1,,1,,1
gsmhard:11771746,gsm-hard,"5031.9785714286",0,0,0,,1,,,,,,0,,0,,0
gsmhard:99562816,gsm-hard,"1080379.0",1,1,1,,1,,,,,,1,,1,,1
gsmhard:32629253,gsm-hard,"125.0",1,1,1,,1,,,,,,1,,1,,1
gsmhard:26164484,gsm-hard,"9998242.0",1,1,1,,1,,,,,,0,,1,,1
gsmhard:49950889,gsm-hard,"5250967.0",0,0,0,,0,,,,,,0,,0,,0
gsmhard:14983766,gsm-hard,"1806106.8000000003",1,1,1,,1,,,,,,1,,1,,1
gsmhard:3554373,gsm-hard,"38154972.0",1,1,1,,1,,,,,,1,,1,,1
gsmhard:44691004,gsm-hard,"22258280.0",0,1,1,,1,,,,,,0,,1,,
gsmhard:59955017,gsm-hard,"18286416.0",1,1,1,,1,,,,,,1,,1,,1
gsmhard:19117345,gsm-hard,"50627678",1,1,1,,1,,,,,,1,,1,,1
gsmhard:85520808,gsm-hard,"34482769.2",1,1,1,,1,,,,,,1,,1,,1
gsmhard:74170997,gsm-hard,"2991216.0",1,0,1,,1,,,,,,1,,1,,1
gsmhard:81177042,gsm-hard,"8.0",1,1,1,,0,,,,,,1,,1,,1
gsmhard:70974299,gsm-hard,"1.0",1,1,1,,1,,,,,,1,,1,,1
gsmhard:67845971,gsm-hard,"13728241",0,1,1,,1,,,,,,0,,1,,1
gsmhard:39464553,gsm-hard,"1200.0",1,1,1,,1,,,,,,1,,1,,1
gsmhard:30632023,gsm-hard,"25.0",1,1,1,,1,,,,,,1,,1,,1
gsmhard:25570363,gsm-hard,"80.0",1,1,1,,1,,,,,,1,,1,,1
gsmhard:35241514,gsm-hard,"5220928.0",1,1,1,,1,,,,,,1,,1,,1
gsmhard:36264882,gsm-hard,"1379135.0",0,0,1,,0,,,,,,0,,0,,0
gsmhard:34291175,gsm-hard,"53374240.0",1,1,1,,1,,,,,,1,,1,,1
gsmhard:22382779,gsm-hard,"26073328.0",1,1,1,,1,,,,,,1,,1,,0
gsmhard:93784386,gsm-hard,"-228660528.0",1,1,1,,0,,,,,,0,,1,,0
gsmhard:96590730,gsm-hard,"22418168.0",1,1,1,,1,,,,,,1,,1,,1
gsmhard:8811543,gsm-hard,"14053029.666666666",1,1,1,,1,,,,,,1,,1,,1
gsmhard:61484486,gsm-hard,"17274746",1,1,1,,1,,,,,,1,,1,,1
gsmhard:11113390,gsm-hard,"57188562.0",1,1,1,,1,,,,,,1,,1,,1
gsmhard:39305559,gsm-hard,"93.0",1,1,1,,1,,,,,,1,,1,,1
gsmhard:40001920,gsm-hard,"105.0",1,1,1,,1,,,,,,1,,1,,1
gsmhard:26012566,gsm-hard,"7283032.0",1,1,1,,1,,,,,,1,,1,,1
gsmhard:79776695,gsm-hard,"21089052.0",1,1,1,,1,,,,,,1,,1,,1
gsmhard:57600785,gsm-hard,"308966856.0",1,,1,,1,,,,,,1,,1,,1
gsmhard:83731584,gsm-hard,"112430688",1,1,1,,1,,,,,,1,,1,,1
gsmhard:5858022,gsm-hard,"-477579.0",1,1,1,,0,,,,,,0,,1,,1
gsmhard:54565846,gsm-hard,"3180819.166666666",1,1,1,,1,,,,,,1,,,,0
gsmhard:1113033,gsm-hard,"1103589.0",1,1,1,,1,,,,,,1,,1,,1
gsmhard:9345058,gsm-hard,"83.0",1,1,1,,1,,,,,,1,,1,,1
gsmhard:94436980,gsm-hard,"60954715.0",1,1,1,,1,,,,,,1,,1,,1
gsmhard:11826619,gsm-hard,"241125000.0",1,1,1,,1,,,,,,0,,1,,1
gsmhard:46986761,gsm-hard,"32556468",1,1,1,,1,,,,,,1,,1,,0
gsmhard:84312914,gsm-hard,"21.0",1,1,1,,1,,,,,,1,,0,,1
gsmhard:17750405,gsm-hard,"50.0",1,1,1,,1,,,,,,1,,1,,1
gsmhard:75599942,gsm-hard,"173235748.0",1,1,1,,1,,,,,,1,,1,,1
gsmhard:22987175,gsm-hard,"3052077.0",1,1,1,,1,,,,,,1,,1,,1
gsmhard:67561983,gsm-hard,"96.0",0,0,0,,0,,,,,,0,,,,0
gsmhard:48266007,gsm-hard,"18",1,1,1,,1,,,,,,1,,1,,1
gsmhard:19291939,gsm-hard,"880.0",1,1,1,,1,,,,,,1,,1,,1
gsmhard:60557784,gsm-hard,"45076300.4",1,1,1,,1,,,,,,1,,1,,1
gsmhard:33524189,gsm-hard,"8274327.0",1,1,1,,1,,,,,,1,,1,,1
gsmhard:6849919,gsm-hard,"2298841.0",1,1,1,,1,,,,,,1,,1,,1
gsmhard:9769027,gsm-hard,"0.0",1,1,1,,1,,,,,,1,,1,,1
gsmhard:88639749,gsm-hard,"6588585.0",1,1,1,,1,,,,,,1,,1,,1
gsmhard:24225200,gsm-hard,"4358498.0",1,1,1,,1,,,,,,1,,1,,1
gsmhard:2596410,gsm-hard,"21464986.0",1,1,1,,1,,,,,,1,,1,,1
gsmhard:73458584,gsm-hard,"-1382862000.0",1,1,1,,0,,,,,,1,,1,,1
gsmhard:89514961,gsm-hard,"4.0",1,1,1,,1,,,,,,1,,1,,1
gsmhard:24463180,gsm-hard,"54.0",1,1,1,,1,,,,,,1,,1,,1
gsmhard:60603863,gsm-hard,"40000.0",1,1,1,,1,,,,,,1,,1,,1
gsmhard:75619407,gsm-hard,"972228",1,1,1,,1,,,,,,1,,1,,1
gsmhard:90565584,gsm-hard,"25.0",1,1,1,,1,,,,,,1,,1,,1
gsmhard:74380742,gsm-hard,"8.0",1,1,1,,1,,,,,,1,,1,,1
gsmhard:85929494,gsm-hard,"50.0",1,1,1,,1,,,,,,1,,1,,1
gsmhard:47242132,gsm-hard,"82.0",1,1,1,,1,,,,,,1,,1,,1
gsmhard:34783736,gsm-hard,"51.0",1,1,1,,1,,,,,,1,,1,,1
gsmhard:68246422,gsm-hard,"1761338.142857143",1,1,1,,1,,,,,,1,,1,,
gsmhard:47213175,gsm-hard,"10.0",0,0,0,,0,,,,,,0,,,,
gsmhard:6235500,gsm-hard,"39.9999834113",0,,0,,0,,,,,,0,,,,
gsmhard:77820829,gsm-hard,"58.0",1,1,1,,1,,,,,,1,,1,,1
gsmhard:40949084,gsm-hard,"9435680550.0",0,0,0,,0,,,,,,0,,,,0
gsmhard:52824793,gsm-hard,"3.0",1,1,1,,1,,,,,,1,,1,,1
gsmhard:7019288,gsm-hard,"23252172.0",1,1,1,,1,,,,,,1,,1,,1
gsmhard:31592632,gsm-hard,"5600.0",1,1,1,,1,,,,,,1,,1,,1
gsmhard:25181525,gsm-hard,"-7712289.0",1,1,1,,1,,,,,,1,,1,,1
gsmhard:11585957,gsm-hard,"2944943.75",1,1,1,,1,,,,,,0,,1,,1
gsmhard:65509059,gsm-hard,"36889246.0",1,1,1,,1,,,,,,1,,1,,1
gsmhard:61752497,gsm-hard,"13795250.0",1,1,1,,1,,,,,,1,,1,,1
gsmhard:89626498,gsm-hard,"9284017268534.4",1,1,1,,1,,,,,,1,,1,,1
gsmhard:85931618,gsm-hard,"15155263.0",1,1,1,,1,,,,,,1,,1,,1
gsmhard:39440512,gsm-hard,"8008931.0",0,0,0,,0,,,,,,0,,,,0
gsmhard:35263201,gsm-hard,"72768591.0",1,1,1,,1,,,,,,1,,1,,1
gsmhard:29821338,gsm-hard,"13.0",1,1,1,,1,,,,,,1,,1,,1
gsmhard:32959243,gsm-hard,"272.0",1,1,1,,1,,,,,,1,,1,,1
gsmhard:61817633,gsm-hard,"1230553280.0",1,1,1,,1,,,,,,1,,1,,1
gsmhard:22453319,gsm-hard,"10.0",1,1,1,,1,,,,,,1,,1,,1
gsmhard:17247299,gsm-hard,"12.5000870806",0,0,0,,0,,,,,,0,,0,,0
gsmhard:84164365,gsm-hard,"20831612.0",1,1,1,,1,,,,,,1,,1,,1
gsmhard:41948569,gsm-hard,"25.0",1,1,1,,1,,,,,,1,,1,,1
gsmhard:31353705,gsm-hard,"374.0",1,1,1,,1,,,,,,1,,1,,1
gsmhard:69040869,gsm-hard,"102796268.0",1,1,1,,1,,,,,,1,,1,,1
gsmhard:38336690,gsm-hard,"-8264796.0",0,0,0,,0,,,,,,0,,0,,0
gsmhard:33402396,gsm-hard,"52526408.0",1,1,1,,1,,,,,,1,,1,,1
gsmhard:44560044,gsm-hard,"8281789.0",1,1,1,,1,,,,,,0,,1,,1
gsmhard:63117532,gsm-hard,"448.0",1,1,1,,1,,,,,,1,,1,,1
gsmhard:61226453,gsm-hard,"91716.8",1,1,1,,0,,,,,,0,,1,,1
gsmhard:56793937,gsm-hard,"105370475.0",0,0,0,,0,,,,,,0,,0,,0
gsmhard:6130320,gsm-hard,"29.0",1,1,1,,1,,,,,,1,,1,,1
gsmhard:88661004,gsm-hard,"39672687.60000001",1,1,1,,1,,,,,,1,,1,,1
gsmhard:69051310,gsm-hard,"4603904.0",1,1,1,,1,,,,,,1,,1,,1
gsmhard:92666117,gsm-hard,"1128.0",1,0,1,,1,,,,,,1,,1,,1
gsmhard:8719215,gsm-hard,"101257.75",1,1,1,,1,,,,,,0,,1,,1
gsmhard:21600043,gsm-hard,"92.0",1,1,1,,1,,,,,,1,,1,,1
gsmhard:49457060,gsm-hard,"1595303.0",1,1,1,,1,,,,,,1,,1,,1
gsmhard:99783567,gsm-hard,"1693236.0",1,1,1,,1,,,,,,1,,1,,1
gsmhard:84843996,gsm-hard,"9099577.916666666",1,1,1,,1,,,,,,1,,,,1
gsmhard:42940027,gsm-hard,"10074005.666666666",1,1,1,,1,,,,,,0,,1,,1
gsmhard:34743897,gsm-hard,"4.0",1,1,1,,1,,,,,,1,,1,,1
gsmhard:28196370,gsm-hard,"25124292.0",1,1,1,,1,,,,,,1,,1,,1
gsmhard:54939724,gsm-hard,"633827710.0",1,1,1,,1,,,,,,1,,1,,1
gsmhard:65274622,gsm-hard,"10.0",1,1,1,,1,,,,,,1,,1,,1
gsmhard:50021176,gsm-hard,"17.0",1,1,1,,1,,,,,,1,,1,,1
aime24:0,olympiad,"204",1,1,1,,1,,,,,,1,,1,,1
aime24:1,olympiad,"113",1,1,1,,0,,,,,,1,,,,
aime24:2,olympiad,"371",0,1,1,,1,,,,,,0,,,,
aime24:3,olympiad,"385",0,1,1,,0,,,,,,0,,,,0
aime24:4,olympiad,"110",1,1,1,,1,,,,,,0,,,,1
aime24:5,olympiad,"104",1,1,1,,1,,,,,,1,,1,,1
aime24:6,olympiad,"721",1,1,1,,1,,,,,,1,,,,1
aime24:7,olympiad,"025",1,1,1,,1,,,,,,1,,1,,1
aime24:8,olympiad,"809",1,1,1,,1,,,,,,1,,1,,1
aime24:9,olympiad,"116",1,1,1,,1,,,,,,1,,1,,1
aime24:10,olympiad,"104",1,1,1,,1,,,,,,1,,,,1
aime24:11,olympiad,"294",1,1,1,,1,,,,,,1,,1,,1
aime24:12,olympiad,"540",1,1,1,,1,,,,,,1,,1,,1
aime24:13,olympiad,"197",0,1,1,,0,,,,,,0,,,,
aime24:14,olympiad,"480",1,1,1,,1,,,,,,1,,,,
aime24:15,olympiad,"073",1,1,1,,1,,,,,,0,,1,,0
aime24:16,olympiad,"468",1,1,1,,1,,,,,,0,,1,,1
aime24:17,olympiad,"601",1,1,1,,1,,,,,,0,,1,,1
aime24:18,olympiad,"023",1,1,1,,1,,,,,,1,,1,,
aime24:19,olympiad,"321",1,1,1,,1,,,,,,1,,1,,1
aime24:20,olympiad,"211",1,1,1,,1,,,,,,0,,,,1
aime24:21,olympiad,"315",0,1,1,,0,,,,,,,,,,
aime24:22,olympiad,"236",1,1,1,,1,,,,,,,,1,,1
aime24:23,olympiad,"045",1,1,1,,1,,,,,,1,,1,,1
aime24:24,olympiad,"033",1,1,1,,1,,,,,,1,,1,,1
aime24:25,olympiad,"080",0,1,1,,1,,,,,,1,,,,
aime24:26,olympiad,"055",1,1,1,,1,,,,,,,,1,,1
aime24:27,olympiad,"699",1,1,1,,1,,,,,,1,,1,,1
aime24:28,olympiad,"127",1,1,1,,0,,,,,,0,,,,
aime24:29,olympiad,"902",0,1,1,,1,,,,,,0,,,,1
aime25:0,olympiad,"70",1,1,1,,1,,,,,,1,,1,,1
aime25:1,olympiad,"588",1,1,1,,1,,,,,,1,,,,
aime25:2,olympiad,"16",1,1,1,,1,,,,,,1,,1,,1
aime25:3,olympiad,"117",1,1,1,,0,,,,,,,,1,,1
aime25:4,olympiad,"279",1,1,1,,1,,,,,,1,,1,,1
aime25:5,olympiad,"504",1,1,1,,1,,,,,,1,,1,,1
aime25:6,olympiad,"821",1,1,1,,0,,,,,,0,,,,1
aime25:7,olympiad,"77",1,1,1,,1,,,,,,,,1,,1
aime25:8,olympiad,"62",1,1,1,,0,,,,,,0,,,,
aime25:9,olympiad,"81",1,1,0,,0,,,,,,,,,,
aime25:10,olympiad,"259",1,1,1,,0,,,,,,1,,,,
aime25:11,olympiad,"510",1,1,1,,1,,,,,,1,,,,1
aime25:12,olympiad,"204",1,1,1,,0,,,,,,0,,,,
aime25:13,olympiad,"60",0,1,0,,0,,,,,,0,,,,
aime25:14,olympiad,"735",0,1,1,,0,,,,,,0,,,,
aime25:15,olympiad,"468",1,1,1,,1,,,,,,1,,1,,1
aime25:16,olympiad,"49",1,1,1,,1,,,,,,1,,1,,1
aime25:17,olympiad,"82",1,1,1,,1,,,,,,0,,,,
aime25:18,olympiad,"106",1,1,1,,1,,,,,,1,,1,,1
aime25:19,olympiad,"336",1,1,1,,0,,,,,,0,,,,
aime25:20,olympiad,"293",1,1,1,,1,,,,,,1,,1,,1
aime25:21,olympiad,"237",0,1,1,,1,,,,,,0,,1,,1
aime25:22,olympiad,"610",0,1,1,,0,,,,,,1,,,,
aime25:23,olympiad,"149",1,1,1,,1,,,,,,1,,,,0
aime25:24,olympiad,"907",1,1,1,,1,,,,,,0,,1,,
aime25:25,olympiad,"113",1,1,1,,0,,,,,,0,,1,,
aime25:26,olympiad,"19",1,1,0,,1,,,,,,1,,,,1
aime25:27,olympiad,"248",1,1,1,,0,,,,,,0,,,,
aime25:28,olympiad,"104",1,1,1,,0,,,,,,1,,,,
aime25:29,olympiad,"240",0,1,1,,0,,,,,,0,,,,
hmmt25:0,olympiad,"103",1,1,1,,1,,,,,,1,,1,,1
hmmt25:1,olympiad,"3375",1,1,1,,1,,,,,,1,,1,,1
hmmt25:2,olympiad,"\\frac{1}{576}",1,1,1,,0,,,,,,1,,1,,1
hmmt25:3,olympiad,"-984",1,1,1,,0,,,,,,0,,,,1
hmmt25:4,olympiad,"890",1,0,1,,0,,,,,,0,,1,,1
hmmt25:5,olympiad,"\\frac{1311}{2017}",1,1,1,,0,,,,,,0,,,,
hmmt25:6,olympiad,"\\frac{9 \\sqrt{23}}{23}",1,0,0,,,,,,,,0,,1,,
hmmt25:7,olympiad,"1-\\frac{2}{\\pi}",0,1,1,,1,,,,,,0,,1,,
hmmt25:8,olympiad,"1037",1,1,1,,1,,,,,,0,,,,1
hmmt25:9,olympiad,"\\frac{-1+\\sqrt{17}}{2}, \\frac{-1-\\sqrt{17}}{2}",1,1,1,,0,,,,,,0,,,,
hmmt25:10,olympiad,"56",1,1,1,,0,,,,,,0,,,,
hmmt25:11,olympiad,"29",1,1,1,,1,,,,,,0,,,,1
hmmt25:12,olympiad,"105",0,0,0,,0,,,,,,0,,,,
hmmt25:13,olympiad,"2304",0,1,1,,0,,,,,,0,,,,
hmmt25:14,olympiad,"200",1,1,1,,1,,,,,,0,,,,
hmmt25:15,olympiad,"6300",1,1,1,,1,,,,,,0,,,,1
hmmt25:16,olympiad,"2^{25} \\cdot 26!",,0,1,,0,,,,,,0,,,,
hmmt25:17,olympiad,"\\frac{2025}{101}",1,1,1,,0,,,,,,0,,,,
hmmt25:18,olympiad,"\\frac{4}{9}",0,1,1,,0,,,,,,0,,,,
hmmt25:19,olympiad,"\\frac{448}{3}",0,1,1,,0,,,,,,0,,,,
hmmt25:20,olympiad,"26",1,1,1,,1,,,,,,1,,1,,1
hmmt25:21,olympiad,"63",1,1,1,,1,,,,,,1,,1,,
hmmt25:22,olympiad,"8\\sqrt{10}",1,1,1,,1,,,,,,1,,1,,1
hmmt25:23,olympiad,"20",1,1,1,,0,,,,,,0,,,,
hmmt25:24,olympiad,"\\sqrt{23}-2 \\sqrt{3}",1,1,1,,0,,,,,,0,,,,
hmmt25:25,olympiad,"9\\sqrt{15}",1,1,1,,1,,,,,,1,,,,1
hmmt25:26,olympiad,"\\frac{7}{18}",1,1,1,,1,,,,,,0,,1,,
hmmt25:27,olympiad,"\\sqrt{6}",1,1,1,,1,,,,,,0,,,,
hmmt25:28,olympiad,"14+4\\sqrt{37}",1,1,1,,0,,,,,,0,,,,
hmmt25:29,olympiad,"\\sqrt{\\frac{95}{24}}",0,0,0,,0,,,,,,0,,,,
csqa:7792b2c6518ecf9775efba6d41253312,commonsense,"B",0,1,1,,1,,,,,,1,,1,,1
csqa:cdb06b28b9c4e7ef7e880d1f096fd409,commonsense,"C",1,0,1,,0,,,,,,1,,1,,1
csqa:efe488f67b53a4b6e69782c01c84f06c,commonsense,"C",1,1,1,,1,,,,,,1,,1,,1
csqa:a8a8ae7792901c7179ff5538c701af1f,commonsense,"E",1,1,1,,1,,,,,,0,,1,,1
csqa:fd243c96edec5b1b8520d5bfeddc6622,commonsense,"A",1,1,1,,1,,,,,,1,,1,,1
csqa:edbb57ac2f476679ae547f75ec2bef3e,commonsense,"B",1,1,1,,1,,,,,,1,,1,,1
csqa:49e466b1782aa4837dae53ff891fcdee,commonsense,"B",1,1,1,,1,,,,,,1,,1,,1
csqa:4ef3d70648ee3cea028bc5ed0fdfda28,commonsense,"C",1,1,1,,1,,,,,,1,,1,,1
csqa:91756d8e475d8d59fa0a4e35f408e366,commonsense,"D",1,1,1,,0,,,,,,1,,1,,1
csqa:49b4c9e1bd7946a819e173ce8fa4c7c9,commonsense,"E",1,1,1,,1,,,,,,1,,1,,1
csqa:75b8195e23c6bada574f1e41471b8f23,commonsense,"A",0,0,1,,0,,,,,,0,,0,,0
csqa:1d24f406b6828492040b405d3f35119c,commonsense,"C",0,0,0,,0,,,,,,1,,1,,0
csqa:3a3b5d4a517ef70d25eb558f1a622937,commonsense,"E",1,1,1,,1,,,,,,1,,1,,1
csqa:350292ae429060a00ff2cf64d71558e4,commonsense,"E",1,1,1,,1,,,,,,1,,1,,1
csqa:8f01273422a370a8dbda6bf473a395a0,commonsense,"E",,1,1,,1,,,,,,1,,1,,1
csqa:4706be6e24f1fafd9ff9fe63583acffd,commonsense,"E",1,1,1,,1,,,,,,1,,1,,1
csqa:684dbde19719e8224113433981d6e01e,commonsense,"A",0,1,1,,0,,,,,,1,,1,,1
csqa:8d79cc5e4eea11f50fab18fdea20fd4f,commonsense,"C",1,1,1,,1,,,,,,1,,1,,1
csqa:2632ff6c9b781d3aa74e8dd36b990871,commonsense,"B",1,1,1,,1,,,,,,1,,1,,1
csqa:7490aa460f66000555a8a94008179cbb,commonsense,"E",1,1,1,,1,,,,,,1,,1,,1
csqa:63f7ad481a63fc8c6dffe00519d4a167,commonsense,"A",1,1,1,,1,,,,,,1,,1,,1
csqa:c5c4166f2ed3c2b3517b79e6848e9ae2,commonsense,"D",1,1,1,,1,,,,,,1,,1,,1
csqa:e71da9e95b321763c86e879a47bbd327,commonsense,"E",1,1,1,,1,,,,,,0,,1,,1
csqa:8bdbb8caefcc607a9ec7579aa0c87cba,commonsense,"A",1,1,1,,1,,,,,,1,,1,,1
csqa:a588407ecaecf0f30c2241c30b470fe2,commonsense,"C",1,1,1,,1,,,,,,1,,1,,1
csqa:5cac4da628f0a58db980649079bd5784,commonsense,"D",,1,1,,1,,,,,,1,,1,,1
csqa:dd11fea36d89aa09f9a6069545ba4c9c,commonsense,"C",1,1,1,,1,,,,,,1,,,,1
csqa:3d9c3253e24fb108cea9083e8a853cf2,commonsense,"D",1,1,1,,1,,,,,,1,,1,,1
csqa:da83d85e28778c082d9a63f5b890b26d,commonsense,"A",1,1,1,,1,,,,,,0,,1,,0
csqa:e408a5a031caec33782cb3b3a005eecc,commonsense,"E",0,1,0,,0,,,,,,0,,0,,0
csqa:e98031901c815e55040d9fe28c4d9387,commonsense,"D",0,0,0,,0,,,,,,0,,0,,0
csqa:28aac6d39cdd270d2a6a28e1985484cb,commonsense,"C",1,1,1,,1,,,,,,1,,1,,1
csqa:0f7419d25337e0a75503a015ae777905,commonsense,"A",0,1,0,,1,,,,,,1,,1,,1
csqa:8d3dc21a53523850ec80771daaa5ff20,commonsense,"A",1,1,1,,1,,,,,,1,,1,,0
csqa:78d1218aeff70a70904767349e3c4c53,commonsense,"C",,1,1,,0,,,,,,1,,1,,1
csqa:e99d4cb2e69d3e020ee9e4e9a84ac45b,commonsense,"B",1,1,1,,1,,,,,,1,,1,,1
csqa:d581e0ad6a4c89465dc1a527bd2d3f77,commonsense,"E",,1,1,,1,,,,,,1,,1,,1
csqa:118a9093a30695622363455e4d911866,commonsense,"B",1,1,1,,1,,,,,,1,,1,,1
csqa:fc1d33a2301a30214523c12573f81aba,commonsense,"C",,1,1,,1,,,,,,1,,1,,1
csqa:0c1efb38e023ee9725486fbec4f2d797,commonsense,"D",1,1,1,,1,,,,,,1,,1,,1
csqa:6714487b839f648e348ac972ed114af3,commonsense,"B",0,0,0,,1,,,,,,0,,0,,1
csqa:abb090bbc572be1016bcd5f261f28e76,commonsense,"C",1,0,1,,1,,,,,,1,,0,,1
csqa:7ea9f721ffc662918bb0c0937a487f04,commonsense,"D",0,1,1,,0,,,,,,1,,1,,1
csqa:ad8ee2965a33ff4b0e3d2ac732676594,commonsense,"E",0,0,0,,1,,,,,,0,,0,,0
csqa:b92f786638796fc028947ac0e9a44fef,commonsense,"E",1,1,1,,1,,,,,,0,,1,,1
csqa:7776b10c7bb96f3fe5e026678673634d,commonsense,"B",1,1,1,,1,,,,,,1,,1,,1
csqa:08f3c187908646997b9080c7e9ea7da4,commonsense,"D",1,1,1,,0,,,,,,1,,0,,1
csqa:313d033c33ec475e04e628f87c5686bd,commonsense,"C",0,1,1,,1,,,,,,1,,1,,1
csqa:f0c4622a082eb9ad0690dd36dcf61297,commonsense,"E",0,1,0,,0,,,,,,0,,0,,0
csqa:5abeb4a2126597d4ef7b5a32e9e22abf,commonsense,"E",1,1,1,,1,,,,,,1,,1,,1
csqa:cf33e0f5891ce53a716432be06a46ee1,commonsense,"C",1,1,0,,1,,,,,,1,,1,,1
csqa:636fc69dee35cd357b4191b47e64d0e5,commonsense,"E",1,1,1,,1,,,,,,1,,1,,1
csqa:6b1f5ebd9d0dbc7e34a598456a6091a8,commonsense,"C",1,1,1,,1,,,,,,1,,1,,1
csqa:63cf1adb5fe302b9867ead8bc8103d0b,commonsense,"D",0,1,1,,1,,,,,,0,,1,,1
csqa:9889e5389917d812c09d6e5d382d333d,commonsense,"B",,1,1,,1,,,,,,1,,1,,1
csqa:fde48d43e27cefed6ed9c52514e0bb6d,commonsense,"A",0,1,1,,0,,,,,,0,,0,,1
csqa:bdcfbe2132295d437e4c5701085f19c0,commonsense,"B",1,1,1,,1,,,,,,1,,1,,1
csqa:b1274d6f5969dea4d46f43fbdc28fd97,commonsense,"A",1,1,1,,1,,,,,,1,,1,,1
csqa:c432b860fcd7297751ff5254ec4a7956,commonsense,"A",1,1,1,,1,,,,,,1,,1,,1
csqa:6c70d98cfb8e97fda8caefcee761a229,commonsense,"D",0,1,1,,1,,,,,,0,,1,,1
csqa:84ea43b967259814d939c62131f74df0,commonsense,"B",1,1,1,,1,,,,,,1,,1,,1
csqa:b7ab4a5e0c19a98f41cd1ba3176f2dff,commonsense,"C",1,1,1,,1,,,,,,1,,1,,1
csqa:3938d6e50d38b1f8774b4f00a89bdb39,commonsense,"C",1,1,1,,1,,,,,,1,,1,,1
csqa:60e92cd2f35c345872d1a898e1718d55,commonsense,"B",1,1,1,,1,,,,,,1,,1,,1
csqa:1feb4c2a0e8ed638259f5d27b16eae9a,commonsense,"C",1,1,1,,1,,,,,,1,,1,,1
csqa:b9e04a53c0ee7325b901de4d12d56884,commonsense,"C",1,1,1,,1,,,,,,1,,1,,1
csqa:f18833ace65a54709377134168b457a9,commonsense,"C",1,1,1,,0,,,,,,1,,1,,1
csqa:d60c5a494539c66982c0f692afde9499,commonsense,"B",1,1,1,,1,,,,,,1,,1,,1
csqa:d312741df1b14bcbe358f4f30aff3994,commonsense,"E",1,1,1,,1,,,,,,1,,1,,1
csqa:a7f54ee1866d5db34eacf40efa53c93e,commonsense,"C",1,1,1,,1,,,,,,1,,1,,1
csqa:75ac594b4fdbfba006e61315d1b2c815,commonsense,"A",0,1,0,,0,,,,,,0,,0,,0
csqa:b4f79ca5f3595248ee25292ab60ad105,commonsense,"A",1,1,1,,0,,,,,,1,,1,,1
csqa:4acd496cc78d96c2431279a5fd87de7c,commonsense,"E",0,0,0,,0,,,,,,0,,0,,0
csqa:21450618657881d8c5af73691f3423a7_1,commonsense,"B",1,1,1,,1,,,,,,1,,1,,1
csqa:b0f7d7978ac41c465108a92660d70e84,commonsense,"D",1,1,1,,1,,,,,,1,,1,,1
csqa:c4b1a57e7880b9cb367f9c67abf5605f,commonsense,"B",1,1,1,,1,,,,,,1,,1,,1
csqa:a64d45cecde84fdcf5f0a79805a0c6fe,commonsense,"C",0,1,1,,0,,,,,,0,,1,,1
csqa:4319eaa36d256a92b72445c0392f9c94,commonsense,"D",1,1,1,,1,,,,,,1,,1,,1
csqa:7ec14907622c6d5a6087cd59a22d8c9d,commonsense,"D",1,1,1,,1,,,,,,1,,1,,1
csqa:60b909ad1d7956218a5d99954fdebecd,commonsense,"D",0,1,1,,0,,,,,,1,,1,,1
csqa:8b3b598a647dfd2d63fcedce5f461040,commonsense,"A",1,1,1,,1,,,,,,1,,1,,1
csqa:8d4b0312f02be445e09a9462873d02bb,commonsense,"D",1,1,1,,1,,,,,,1,,1,,1
csqa:9fdebd1c2cf498f1d726a025b780a39a,commonsense,"A",1,1,1,,1,,,,,,1,,1,,1
csqa:059155c50d1b04da7373e309868e67d2,commonsense,"C",1,1,1,,1,,,,,,0,,1,,1
csqa:0f4159e80f8dbf682819215bbf0f5b5a_1,commonsense,"B",0,0,0,,0,,,,,,1,,1,,0
csqa:33d023a6806390eb8195380331e17404_1,commonsense,"C",1,1,1,,1,,,,,,1,,1,,0
csqa:2de08c7a518b7c226e19bdc8fc10ef1d,commonsense,"E",1,1,1,,1,,,,,,1,,1,,1
csqa:514310637fb43a252bfadc8cbf79b277,commonsense,"D",1,1,1,,1,,,,,,1,,1,,1
csqa:3b8e1d236f5169b6c833a994d6d9c39a,commonsense,"D",1,1,1,,1,,,,,,0,,1,,1
csqa:2ac72eaf30a633c410b1bd658bbef0ba,commonsense,"C",1,1,1,,1,,,,,,0,,0,,0
csqa:31bd05ba62a16ee35217224b98c6baea,commonsense,"C",0,0,0,,0,,,,,,0,,0,,0
csqa:f7140f00ddd8d1c5d93b05ea32ad1fff,commonsense,"D",1,1,1,,1,,,,,,1,,1,,1
csqa:179fff4b5928e5ac3d3ae3e1db782547,commonsense,"D",1,1,1,,1,,,,,,1,,1,,1
csqa:81cc0d320488c7bacafb285cf7db5fbd,commonsense,"B",1,1,1,,1,,,,,,1,,1,,1
csqa:78276a4eab6e8d6b9ae3749211816977,commonsense,"C",0,0,0,,0,,,,,,0,,0,,1
csqa:9f830faa0f8e3d7fb3a658c15a5fbe63,commonsense,"D",1,1,1,,1,,,,,,1,,1,,1
csqa:13d2a103abbed930cabc9567a1ba12f2,commonsense,"E",1,1,1,,1,,,,,,1,,1,,1
csqa:38ab26e29a0984b212006d39185c43f3,commonsense,"B",1,1,1,,1,,,,,,1,,1,,1
csqa:b7091d2bfcea421d787ce9e7982f104a,commonsense,"C",1,1,1,,1,,,,,,1,,1,,1
csqa:e5ad2184e37ae88b2bf46bf6bc0ed2f4,commonsense,"D",0,0,0,,0,,,,,,0,,0,,0
strategyqa:40857548,commonsense,"yes",1,1,1,,1,,,,,,0,,0,,1
strategyqa:34870993,commonsense,"yes",1,1,1,,1,,,,,,1,,1,,1
strategyqa:15294455,commonsense,"yes",0,1,1,,0,,,,,,0,,1,,1
strategyqa:40534601,commonsense,"yes",1,1,1,,1,,,,,,1,,1,,1
strategyqa:14474522,commonsense,"yes",1,1,1,,1,,,,,,1,,1,,1
strategyqa:34853390,commonsense,"yes",1,1,0,,1,,,,,,1,,1,,1
strategyqa:78857940,commonsense,"no",1,1,1,,1,,,,,,1,,1,,1
strategyqa:73436830,commonsense,"yes",1,1,1,,0,,,,,,1,,1,,1
strategyqa:27549980,commonsense,"yes",1,1,1,,0,,,,,,0,,1,,1
strategyqa:44677912,commonsense,"yes",1,1,1,,1,,,,,,1,,1,,1
strategyqa:19364437,commonsense,"no",1,1,1,,1,,,,,,1,,1,,1
strategyqa:28845302,commonsense,"no",1,1,1,,1,,,,,,1,,1,,1
strategyqa:26788399,commonsense,"no",1,1,1,,1,,,,,,1,,,,1
strategyqa:38514169,commonsense,"no",1,1,1,,1,,,,,,1,,1,,1
strategyqa:24499259,commonsense,"no",1,1,1,,1,,,,,,1,,1,,1
strategyqa:2822617,commonsense,"yes",1,1,1,,1,,,,,,1,,1,,1
strategyqa:85113757,commonsense,"no",1,1,1,,1,,,,,,1,,1,,1
strategyqa:68895176,commonsense,"yes",1,1,1,,1,,,,,,1,,1,,1
strategyqa:61720019,commonsense,"yes",1,1,1,,1,,,,,,1,,1,,1
strategyqa:95550661,commonsense,"no",0,1,0,,1,,,,,,0,,0,,1
strategyqa:64789084,commonsense,"yes",1,1,1,,1,,,,,,1,,1,,1
strategyqa:91807495,commonsense,"yes",1,0,0,,0,,,,,,0,,1,,0
strategyqa:19770901,commonsense,"no",1,1,1,,1,,,,,,1,,1,,1
strategyqa:38087930,commonsense,"yes",1,1,1,,1,,,,,,0,,1,,1
strategyqa:91858485,commonsense,"yes",1,1,1,,1,,,,,,0,,1,,1
strategyqa:11825562,commonsense,"no",1,1,1,,1,,,,,,1,,1,,1
strategyqa:5169822,commonsense,"yes",1,1,1,,1,,,,,,1,,1,,1
strategyqa:31408517,commonsense,"no",1,1,1,,1,,,,,,1,,1,,1
strategyqa:61654443,commonsense,"no",1,1,1,,1,,,,,,1,,1,,1
strategyqa:60417648,commonsense,"no",1,1,1,,1,,,,,,1,,1,,1
strategyqa:97117655,commonsense,"no",1,1,1,,1,,,,,,1,,1,,1
strategyqa:19774718,commonsense,"no",1,1,1,,1,,,,,,1,,1,,1
strategyqa:70881427,commonsense,"no",1,1,0,,0,,,,,,1,,1,,1
strategyqa:99307824,commonsense,"no",1,1,1,,1,,,,,,1,,1,,1
strategyqa:84953554,commonsense,"no",1,1,1,,1,,,,,,1,,1,,1
strategyqa:5770110,commonsense,"no",,1,1,,1,,,,,,1,,1,,1
strategyqa:26316421,commonsense,"yes",1,1,1,,1,,,,,,0,,0,,1
strategyqa:31930810,commonsense,"no",0,1,1,,1,,,,,,1,,1,,1
strategyqa:39424582,commonsense,"yes",1,1,1,,0,,,,,,1,,1,,1
strategyqa:41099790,commonsense,"yes",1,1,1,,1,,,,,,1,,1,,1
strategyqa:48761806,commonsense,"yes",1,1,1,,1,,,,,,1,,1,,1
strategyqa:62960719,commonsense,"no",1,1,1,,1,,,,,,1,,1,,1
strategyqa:6659549,commonsense,"no",1,1,1,,1,,,,,,1,,1,,1
strategyqa:45402135,commonsense,"yes",,1,0,,1,,,,,,0,,1,,1
strategyqa:42640288,commonsense,"yes",1,1,1,,1,,,,,,1,,1,,1
strategyqa:22026686,commonsense,"no",1,1,1,,1,,,,,,1,,1,,1
strategyqa:88784744,commonsense,"yes",1,1,1,,1,,,,,,1,,1,,1
strategyqa:98891452,commonsense,"yes",1,1,1,,1,,,,,,1,,1,,1
strategyqa:45964631,commonsense,"no",0,1,0,,0,,,,,,1,,1,,1
strategyqa:90985799,commonsense,"no",1,1,1,,1,,,,,,1,,1,,1
strategyqa:66875016,commonsense,"yes",0,1,0,,1,,,,,,1,,1,,1
strategyqa:50186252,commonsense,"no",0,1,0,,1,,,,,,0,,1,,1
strategyqa:33408493,commonsense,"no",1,1,1,,1,,,,,,1,,1,,1
strategyqa:11156626,commonsense,"yes",1,1,1,,0,,,,,,1,,1,,1
strategyqa:42445448,commonsense,"yes",1,1,1,,1,,,,,,1,,1,,1
strategyqa:19217910,commonsense,"yes",1,1,1,,1,,,,,,0,,1,,1
strategyqa:73723079,commonsense,"yes",1,1,1,,1,,,,,,1,,1,,
strategyqa:31829594,commonsense,"no",1,1,1,,1,,,,,,1,,1,,1
strategyqa:21092068,commonsense,"no",1,1,1,,1,,,,,,1,,1,,1
strategyqa:63850856,commonsense,"yes",1,1,1,,1,,,,,,1,,1,,1
strategyqa:87395792,commonsense,"no",1,1,1,,1,,,,,,1,,1,,1
strategyqa:90677445,commonsense,"yes",0,1,0,,0,,,,,,0,,0,,0
strategyqa:57440498,commonsense,"yes",1,1,1,,1,,,,,,1,,1,,1
strategyqa:68240452,commonsense,"yes",1,1,1,,0,,,,,,1,,0,,0
strategyqa:16212209,commonsense,"no",1,0,0,,1,,,,,,1,,1,,1
strategyqa:22560192,commonsense,"no",0,1,1,,1,,,,,,1,,1,,1
strategyqa:17694887,commonsense,"no",1,1,1,,1,,,,,,1,,1,,1
strategyqa:7980448,commonsense,"no",1,1,1,,1,,,,,,1,,1,,1
strategyqa:27728941,commonsense,"yes",1,1,1,,1,,,,,,1,,1,,1
strategyqa:1903797,commonsense,"no",1,1,1,,1,,,,,,1,,1,,1
strategyqa:15207967,commonsense,"no",1,1,1,,1,,,,,,1,,1,,1
strategyqa:25619195,commonsense,"no",,1,1,,1,,,,,,1,,1,,1
strategyqa:87599299,commonsense,"no",1,1,0,,1,,,,,,1,,1,,1
strategyqa:31277382,commonsense,"yes",0,1,0,,0,,,,,,1,,,,1
strategyqa:54258100,commonsense,"no",1,1,1,,1,,,,,,1,,1,,1
strategyqa:36772481,commonsense,"yes",1,1,1,,0,,,,,,0,,1,,1
strategyqa:7563421,commonsense,"yes",0,0,0,,0,,,,,,0,,0,,0
strategyqa:73623410,commonsense,"no",1,1,1,,1,,,,,,1,,1,,1
strategyqa:89925295,commonsense,"yes",1,1,1,,1,,,,,,1,,1,,1
strategyqa:70858651,commonsense,"no",1,1,1,,1,,,,,,0,,1,,1
strategyqa:42760261,commonsense,"no",1,1,1,,1,,,,,,1,,1,,1
strategyqa:15010908,commonsense,"yes",1,1,1,,1,,,,,,1,,1,,1
strategyqa:13312187,commonsense,"no",1,1,1,,1,,,,,,1,,1,,1
strategyqa:19476184,commonsense,"no",1,1,1,,1,,,,,,1,,1,,1
strategyqa:64176839,commonsense,"no",1,1,1,,0,,,,,,1,,1,,1
strategyqa:26156116,commonsense,"yes",1,1,1,,1,,,,,,1,,1,,1
strategyqa:56856125,commonsense,"no",1,1,1,,1,,,,,,1,,1,,1
strategyqa:37238140,commonsense,"no",1,1,1,,0,,,,,,0,,1,,1
strategyqa:97233021,commonsense,"no",1,1,1,,1,,,,,,1,,1,,1
strategyqa:94440941,commonsense,"yes",1,1,1,,0,,,,,,0,,1,,1
strategyqa:12611812,commonsense,"no",1,1,1,,1,,,,,,1,,1,,1
strategyqa:39090752,commonsense,"yes",1,1,1,,1,,,,,,0,,0,,0
strategyqa:33467997,commonsense,"yes",1,1,1,,1,,,,,,1,,1,,1
strategyqa:36246362,commonsense,"no",1,1,1,,1,,,,,,1,,1,,1
strategyqa:74337109,commonsense,"yes",1,1,1,,1,,,,,,1,,1,,1
strategyqa:4353141,commonsense,"no",1,1,1,,1,,,,,,1,,1,,1
strategyqa:35806798,commonsense,"no",1,1,0,,1,,,,,,1,,1,,1
strategyqa:32791943,commonsense,"no",1,1,1,,1,,,,,,1,,1,,1
strategyqa:19658200,commonsense,"no",1,1,0,,0,,,,,,1,,1,,0
strategyqa:35927198,commonsense,"no",1,1,1,,1,,,,,,1,,1,,1
kk3:0,knights-knaves,"Alice,Bob",1,1,1,,1,,,,,,1,,1,,1
kk3:1,knights-knaves,"Carol",1,1,1,,1,,,,,,1,,1,,1
kk3:2,knights-knaves,"Bob,Carol",1,1,1,,1,,,,,,0,,1,,1
kk3:3,knights-knaves,"Alice,Carol",1,1,1,,1,,,,,,0,,1,,1
kk3:4,knights-knaves,"none",1,1,0,,1,,,,,,1,,1,,1
kk3:5,knights-knaves,"none",1,1,1,,1,,,,,,1,,1,,1
kk3:6,knights-knaves,"none",1,1,1,,1,,,,,,1,,1,,1
kk3:7,knights-knaves,"Carol",1,1,1,,1,,,,,,0,,1,,1
kk3:8,knights-knaves,"none",1,1,1,,1,,,,,,0,,1,,1
kk3:9,knights-knaves,"none",1,1,1,,1,,,,,,1,,1,,1
kk3:10,knights-knaves,"Bob,Carol",1,1,1,,1,,,,,,1,,1,,1
kk3:11,knights-knaves,"none",1,1,1,,1,,,,,,1,,1,,1
kk3:12,knights-knaves,"none",1,1,1,,1,,,,,,1,,1,,1
kk3:13,knights-knaves,"none",1,1,1,,1,,,,,,1,,1,,1
kk3:14,knights-knaves,"Alice,Bob",1,1,1,,1,,,,,,0,,1,,1
kk3:15,knights-knaves,"none",1,1,1,,1,,,,,,1,,1,,1
kk3:16,knights-knaves,"Bob",1,1,1,,1,,,,,,1,,1,,1
kk3:17,knights-knaves,"Alice,Bob",1,1,1,,1,,,,,,0,,1,,1
kk3:18,knights-knaves,"none",1,1,1,,1,,,,,,0,,1,,1
kk3:19,knights-knaves,"Bob,Carol",1,1,1,,1,,,,,,0,,1,,1
kk3:20,knights-knaves,"Bob",0,1,0,,1,,,,,,1,,1,,1
kk3:21,knights-knaves,"Alice",1,1,1,,1,,,,,,1,,1,,1
kk3:22,knights-knaves,"Bob,Carol",1,1,1,,1,,,,,,1,,1,,1
kk3:23,knights-knaves,"none",1,1,1,,1,,,,,,0,,1,,1
kk3:24,knights-knaves,"Carol",1,1,1,,1,,,,,,1,,1,,1
kk3:25,knights-knaves,"Carol",1,1,1,,1,,,,,,1,,1,,1
kk3:26,knights-knaves,"none",1,1,1,,1,,,,,,1,,1,,1
kk3:27,knights-knaves,"Bob",1,1,1,,1,,,,,,0,,1,,1
kk3:28,knights-knaves,"none",1,1,1,,1,,,,,,0,,1,,1
kk3:29,knights-knaves,"none",1,1,1,,1,,,,,,0,,1,,1
kk3:30,knights-knaves,"none",1,1,1,,1,,,,,,1,,1,,1
kk3:31,knights-knaves,"Bob,Carol",1,1,1,,1,,,,,,0,,1,,1
kk3:32,knights-knaves,"none",1,1,1,,1,,,,,,1,,1,,1
kk3:33,knights-knaves,"none",1,1,1,,1,,,,,,1,,1,,1
kk3:34,knights-knaves,"none",1,1,1,,1,,,,,,0,,1,,1
kk3:35,knights-knaves,"Carol",1,1,1,,1,,,,,,0,,1,,1
kk3:36,knights-knaves,"Bob,Carol",1,1,1,,1,,,,,,1,,1,,1
kk3:37,knights-knaves,"Bob",1,1,1,,1,,,,,,0,,1,,1
kk3:38,knights-knaves,"none",1,1,1,,1,,,,,,0,,1,,1
kk3:39,knights-knaves,"Alice",1,0,1,,1,,,,,,1,,1,,1
kk3:40,knights-knaves,"Alice,Bob",1,1,1,,1,,,,,,,,1,,1
kk3:41,knights-knaves,"Alice,Carol",1,1,1,,1,,,,,,1,,1,,1
kk3:42,knights-knaves,"Carol",1,1,1,,1,,,,,,1,,1,,1
kk3:43,knights-knaves,"none",1,1,1,,1,,,,,,1,,1,,1
kk3:44,knights-knaves,"none",1,1,1,,1,,,,,,0,,1,,1
kk3:45,knights-knaves,"Bob,Carol",1,1,1,,1,,,,,,1,,1,,1
kk3:46,knights-knaves,"none",1,1,1,,1,,,,,,0,,1,,1
kk3:47,knights-knaves,"Alice",1,1,1,,1,,,,,,1,,1,,1
kk3:48,knights-knaves,"none",1,1,1,,1,,,,,,0,,1,,1
kk3:49,knights-knaves,"Carol",1,1,1,,1,,,,,,1,,0,,1
kk3:50,knights-knaves,"none",1,1,1,,1,,,,,,1,,1,,1
kk3:51,knights-knaves,"Alice,Bob",1,1,1,,1,,,,,,0,,1,,1
kk3:52,knights-knaves,"Bob,Carol",1,1,1,,1,,,,,,1,,1,,1
kk3:53,knights-knaves,"Alice",1,1,1,,1,,,,,,1,,1,,1
kk3:54,knights-knaves,"Carol",1,1,1,,1,,,,,,1,,1,,1
kk3:55,knights-knaves,"none",1,1,1,,1,,,,,,0,,1,,1
kk3:56,knights-knaves,"none",1,1,1,,1,,,,,,1,,1,,1
kk3:57,knights-knaves,"none",1,1,1,,1,,,,,,0,,1,,1
kk3:58,knights-knaves,"Bob",1,1,1,,1,,,,,,0,,1,,1
kk3:59,knights-knaves,"Alice,Bob",1,1,1,,1,,,,,,1,,1,,1
kk3:60,knights-knaves,"Alice",1,1,1,,1,,,,,,1,,1,,1
kk3:61,knights-knaves,"Bob,Carol",1,1,1,,1,,,,,,1,,1,,1
kk3:62,knights-knaves,"Carol",1,1,1,,1,,,,,,1,,1,,1
kk3:63,knights-knaves,"Bob,Carol",1,1,1,,1,,,,,,1,,1,,1
kk3:64,knights-knaves,"none",1,1,1,,1,,,,,,0,,1,,1
kk3:65,knights-knaves,"Carol",1,1,1,,1,,,,,,1,,1,,1
kk3:66,knights-knaves,"Bob",1,1,1,,1,,,,,,1,,1,,1
kk3:67,knights-knaves,"none",1,1,1,,1,,,,,,0,,1,,1
kk3:68,knights-knaves,"none",1,1,1,,1,,,,,,0,,1,,1
kk3:69,knights-knaves,"Carol",1,1,1,,1,,,,,,1,,1,,1
kk4:70,knights-knaves,"Alice,Carol,Dave",1,1,1,,1,,,,,,0,,1,,1
kk4:71,knights-knaves,"Carol",1,1,1,,1,,,,,,1,,1,,1
kk4:72,knights-knaves,"none",1,1,1,,1,,,,,,0,,1,,1
kk4:73,knights-knaves,"Bob,Dave",1,1,1,,1,,,,,,1,,1,,1
kk4:74,knights-knaves,"none",1,1,1,,1,,,,,,0,,1,,1
kk4:75,knights-knaves,"Alice",0,1,1,,1,,,,,,1,,1,,1
kk4:76,knights-knaves,"none",1,1,1,,1,,,,,,1,,1,,1
kk4:77,knights-knaves,"Alice,Bob,Carol",1,1,1,,1,,,,,,0,,1,,1
kk4:78,knights-knaves,"Carol,Dave",1,1,1,,1,,,,,,1,,1,,1
kk4:79,knights-knaves,"Alice,Bob,Dave",1,1,1,,1,,,,,,1,,1,,1
kk4:80,knights-knaves,"Alice,Bob",1,1,1,,1,,,,,,1,,1,,1
kk4:81,knights-knaves,"Dave",1,1,1,,1,,,,,,1,,1,,1
kk4:82,knights-knaves,"none",1,1,1,,1,,,,,,1,,1,,1
kk4:83,knights-knaves,"none",1,1,1,,1,,,,,,0,,1,,1
kk4:84,knights-knaves,"Alice",1,1,1,,1,,,,,,1,,1,,1
kk4:85,knights-knaves,"none",1,1,1,,1,,,,,,0,,1,,1
kk4:86,knights-knaves,"Carol,Dave",1,0,1,,1,,,,,,0,,1,,1
kk4:87,knights-knaves,"Alice,Carol,Dave",1,1,1,,1,,,,,,1,,1,,1
kk4:88,knights-knaves,"Alice",1,1,1,,1,,,,,,1,,1,,1
kk4:89,knights-knaves,"Alice,Bob,Carol",1,1,1,,1,,,,,,1,,1,,1
kk4:90,knights-knaves,"none",1,1,1,,1,,,,,,1,,1,,1
kk4:91,knights-knaves,"Bob",1,1,1,,1,,,,,,1,,1,,1
kk4:92,knights-knaves,"Alice,Bob",1,1,1,,1,,,,,,0,,1,,1
kk4:93,knights-knaves,"Alice",1,1,1,,1,,,,,,1,,1,,1
kk4:94,knights-knaves,"Dave",1,1,1,,1,,,,,,1,,1,,
kk4:95,knights-knaves,"Carol",1,1,1,,1,,,,,,1,,1,,1
kk4:96,knights-knaves,"Carol",1,1,0,,1,,,,,,1,,1,,1
kk4:97,knights-knaves,"none",1,1,1,,1,,,,,,0,,1,,1
kk4:98,knights-knaves,"none",1,1,1,,1,,,,,,0,,1,,1
kk4:99,knights-knaves,"Dave",1,1,1,,1,,,,,,1,,1,,1
kk4:100,knights-knaves,"none",1,1,1,,1,,,,,,1,,1,,1
kk4:101,knights-knaves,"Alice,Bob,Carol",1,1,1,,1,,,,,,1,,1,,1
kk4:102,knights-knaves,"none",1,1,1,,1,,,,,,0,,1,,1
kk4:103,knights-knaves,"Alice,Bob,Dave",1,1,1,,1,,,,,,1,,1,,1
kk4:104,knights-knaves,"none",1,1,1,,1,,,,,,0,,1,,1
kk4:105,knights-knaves,"Carol",1,1,1,,1,,,,,,1,,1,,1
kk4:106,knights-knaves,"Alice,Dave",1,1,1,,1,,,,,,1,,1,,1
kk4:107,knights-knaves,"Alice,Bob",1,1,1,,1,,,,,,,,1,,1
kk4:108,knights-knaves,"Alice,Dave",1,1,1,,1,,,,,,1,,1,,1
kk4:109,knights-knaves,"none",1,1,1,,1,,,,,,0,,1,,1
kk4:110,knights-knaves,"Dave",1,1,1,,1,,,,,,1,,1,,1
kk4:111,knights-knaves,"Alice",1,1,1,,1,,,,,,1,,1,,1
kk4:112,knights-knaves,"Dave",1,1,1,,1,,,,,,1,,1,,1
kk4:113,knights-knaves,"Alice,Bob,Dave",1,1,1,,1,,,,,,0,,1,,1
kk4:114,knights-knaves,"Carol",1,1,1,,1,,,,,,1,,1,,1
kk4:115,knights-knaves,"Alice",0,1,0,,0,,,,,,,,1,,
kk4:116,knights-knaves,"none",1,1,1,,1,,,,,,0,,1,,1
kk4:117,knights-knaves,"none",1,1,1,,1,,,,,,0,,1,,1
kk4:118,knights-knaves,"Carol,Dave",1,1,1,,1,,,,,,1,,1,,1
kk4:119,knights-knaves,"Alice",1,1,1,,1,,,,,,1,,1,,1
kk4:120,knights-knaves,"Alice,Dave",1,1,1,,1,,,,,,1,,1,,1
kk4:121,knights-knaves,"Bob,Carol",1,1,1,,1,,,,,,1,,1,,1
kk4:122,knights-knaves,"Bob,Dave",1,1,1,,1,,,,,,1,,1,,1
kk4:123,knights-knaves,"Dave",1,1,1,,1,,,,,,1,,1,,1
kk4:124,knights-knaves,"Bob,Carol",1,1,1,,1,,,,,,1,,1,,1
kk4:125,knights-knaves,"none",1,1,1,,1,,,,,,1,,1,,1
kk4:126,knights-knaves,"Alice,Bob",1,1,1,,1,,,,,,,,1,,1
kk4:127,knights-knaves,"Bob",1,1,1,,1,,,,,,1,,1,,1
kk4:128,knights-knaves,"Bob",1,1,1,,1,,,,,,1,,1,,1
kk4:129,knights-knaves,"none",1,1,1,,1,,,,,,1,,1,,1
kk4:130,knights-knaves,"Bob,Dave",1,0,1,,1,,,,,,1,,1,,1
kk4:131,knights-knaves,"Alice",1,1,1,,1,,,,,,1,,1,,1
kk4:132,knights-knaves,"none",1,1,1,,1,,,,,,0,,1,,1
kk4:133,knights-knaves,"Bob",1,1,1,,1,,,,,,1,,1,,1
kk4:134,knights-knaves,"none",1,1,1,,1,,,,,,1,,1,,1
kk4:135,knights-knaves,"Alice,Carol,Dave",1,1,1,,1,,,,,,1,,1,,1
kk4:136,knights-knaves,"Carol",1,1,1,,1,,,,,,1,,1,,1
kk4:137,knights-knaves,"none",1,1,1,,1,,,,,,0,,1,,1
kk4:138,knights-knaves,"none",1,1,1,,1,,,,,,1,,1,,1
kk4:139,knights-knaves,"none",1,1,1,,1,,,,,,1,,1,,1
kk5:140,knights-knaves,"Alice,Carol",1,1,1,,1,,,,,,1,,1,,1
kk5:141,knights-knaves,"Eve",1,1,1,,1,,,,,,0,,1,,1
kk5:142,knights-knaves,"none",1,1,1,,1,,,,,,1,,1,,1
kk5:143,knights-knaves,"Alice,Bob,Dave,Eve",1,1,1,,1,,,,,,1,,1,,1
kk5:144,knights-knaves,"Alice,Dave,Eve",1,1,1,,1,,,,,,1,,1,,1
kk5:145,knights-knaves,"Alice,Carol",0,1,1,,1,,,,,,,,1,,1
kk5:146,knights-knaves,"Alice",1,1,1,,1,,,,,,,,1,,1
kk5:147,knights-knaves,"none",1,1,1,,1,,,,,,0,,1,,1
kk5:148,knights-knaves,"Alice,Bob,Dave,Eve",1,1,1,,1,,,,,,,,1,,1
kk5:149,knights-knaves,"Alice",1,1,1,,1,,,,,,1,,1,,1
kk5:150,knights-knaves,"Dave",1,1,1,,1,,,,,,,,1,,1
kk5:151,knights-knaves,"Alice",1,1,1,,1,,,,,,1,,1,,1
kk5:152,knights-knaves,"Bob,Dave,Eve",0,1,1,,1,,,,,,,,1,,1
kk5:153,knights-knaves,"Alice",1,0,0,,1,,,,,,1,,1,,1
kk5:154,knights-knaves,"Carol,Dave,Eve",1,1,1,,1,,,,,,1,,1,,1
kk5:155,knights-knaves,"Carol",1,1,1,,1,,,,,,1,,1,,1
kk5:156,knights-knaves,"Alice,Eve",1,1,1,,1,,,,,,1,,1,,1
kk5:157,knights-knaves,"Alice,Bob,Dave",1,1,1,,1,,,,,,0,,1,,1
kk5:158,knights-knaves,"none",1,1,1,,1,,,,,,,,1,,1
kk5:159,knights-knaves,"Alice,Bob,Carol,Eve",1,1,1,,1,,,,,,,,1,,1
kk5:160,knights-knaves,"none",1,1,1,,1,,,,,,,,1,,1
kk5:161,knights-knaves,"none",1,1,1,,1,,,,,,,,1,,1
kk5:162,knights-knaves,"Alice,Eve",1,1,1,,1,,,,,,,,1,,1
kk5:163,knights-knaves,"Bob,Carol,Dave,Eve",1,1,1,,1,,,,,,,,1,,1
kk5:164,knights-knaves,"none",1,1,1,,1,,,,,,1,,1,,1
kk5:165,knights-knaves,"Bob,Dave",1,1,1,,0,,,,,,,,1,,1
kk5:166,knights-knaves,"Bob,Carol",1,1,1,,1,,,,,,,,1,,1
kk5:167,knights-knaves,"none",1,1,1,,1,,,,,,0,,1,,1
kk5:168,knights-knaves,"none",1,1,1,,1,,,,,,,,1,,1
kk5:169,knights-knaves,"Bob,Carol",1,1,1,,1,,,,,,,,1,,1
kk5:170,knights-knaves,"Bob,Carol,Dave,Eve",1,1,1,,1,,,,,,,,1,,1
kk5:171,knights-knaves,"none",1,1,1,,1,,,,,,0,,1,,1
kk5:172,knights-knaves,"Carol,Eve",1,1,1,,1,,,,,,,,1,,1
kk5:173,knights-knaves,"Bob,Eve",1,1,0,,0,,,,,,,,1,,1
kk5:174,knights-knaves,"none",1,1,1,,1,,,,,,,,1,,1
kk5:175,knights-knaves,"none",1,1,1,,1,,,,,,,,1,,1
kk5:176,knights-knaves,"Alice,Bob,Dave,Eve",1,1,1,,1,,,,,,,,1,,1
kk5:177,knights-knaves,"none",1,1,1,,1,,,,,,0,,1,,1
kk5:178,knights-knaves,"Carol",1,1,1,,1,,,,,,1,,1,,1
kk5:179,knights-knaves,"Dave,Eve",1,1,1,,1,,,,,,1,,1,,1
kk5:180,knights-knaves,"Carol",1,1,1,,1,,,,,,1,,1,,1
kk5:181,knights-knaves,"none",1,1,1,,1,,,,,,,,1,,1
kk5:182,knights-knaves,"Alice",1,1,1,,0,,,,,,,,1,,1
kk5:183,knights-knaves,"Alice,Bob,Carol",1,1,1,,1,,,,,,,,1,,1
kk5:184,knights-knaves,"Alice,Bob,Carol",1,1,1,,1,,,,,,,,1,,1
kk5:185,knights-knaves,"none",1,1,1,,1,,,,,,,,1,,1
kk5:186,knights-knaves,"Alice,Bob,Dave",1,1,1,,1,,,,,,1,,1,,1
kk5:187,knights-knaves,"Bob,Carol,Eve",1,1,1,,1,,,,,,,,1,,1
kk5:188,knights-knaves,"none",1,1,1,,1,,,,,,,,1,,1
kk5:189,knights-knaves,"Eve",1,1,1,,1,,,,,,,,1,,1
kk5:190,knights-knaves,"Alice,Bob,Carol",1,1,1,,1,,,,,,,,1,,1
kk5:191,knights-knaves,"Alice,Carol,Dave",0,1,1,,1,,,,,,1,,1,,1
kk5:192,knights-knaves,"none",1,1,1,,1,,,,,,0,,1,,1
kk5:193,knights-knaves,"Bob,Dave,Eve",1,1,1,,1,,,,,,0,,1,,1
kk5:194,knights-knaves,"none",1,1,1,,1,,,,,,0,,1,,1
kk5:195,knights-knaves,"none",1,1,1,,1,,,,,,0,,1,,1
kk5:196,knights-knaves,"none",1,1,1,,1,,,,,,0,,1,,1
kk5:197,knights-knaves,"Bob,Dave,Eve",1,1,1,,1,,,,,,,,1,,1
kk5:198,knights-knaves,"Carol,Dave,Eve",1,1,1,,1,,,,,,1,,1,,1
kk5:199,knights-knaves,"Bob",1,1,1,,1,,,,,,1,,1,,1
gpqa:0,gpqa-diamond,"",1,1,1,,1,,,,,,1,,1,,1
gpqa:1,gpqa-diamond,"",1,1,1,,1,,,,,,1,,1,,1
gpqa:2,gpqa-diamond,"",1,1,1,,1,,,,,,1,,1,,1
gpqa:3,gpqa-diamond,"",1,1,1,,0,,,,,,0,,1,,1
gpqa:4,gpqa-diamond,"",1,1,1,,1,,,,,,1,,1,,1
gpqa:5,gpqa-diamond,"",1,1,1,,1,,,,,,1,,1,,1
gpqa:6,gpqa-diamond,"",1,1,1,,1,,,,,,1,,1,,1
gpqa:7,gpqa-diamond,"",1,1,1,,1,,,,,,1,,1,,
gpqa:8,gpqa-diamond,"",0,1,1,,1,,,,,,0,,1,,
gpqa:9,gpqa-diamond,"",1,1,1,,1,,,,,,1,,1,,1
gpqa:10,gpqa-diamond,"",0,0,0,,1,,,,,,1,,1,,
gpqa:11,gpqa-diamond,"",1,1,1,,1,,,,,,1,,1,,1
gpqa:12,gpqa-diamond,"",1,1,1,,0,,,,,,1,,,,
gpqa:13,gpqa-diamond,"",0,1,1,,1,,,,,,1,,0,,
gpqa:14,gpqa-diamond,"",1,1,1,,1,,,,,,1,,1,,1
gpqa:15,gpqa-diamond,"",1,1,0,,0,,,,,,0,,,,0
gpqa:16,gpqa-diamond,"",1,1,1,,1,,,,,,1,,1,,1
gpqa:17,gpqa-diamond,"",1,1,1,,1,,,,,,1,,,,1
gpqa:18,gpqa-diamond,"",0,1,1,,0,,,,,,0,,1,,
gpqa:19,gpqa-diamond,"",1,1,1,,1,,,,,,,,1,,1
gpqa:20,gpqa-diamond,"",1,1,1,,1,,,,,,1,,1,,1
gpqa:21,gpqa-diamond,"",1,1,1,,1,,,,,,0,,1,,
gpqa:22,gpqa-diamond,"",0,1,1,,1,,,,,,0,,,,
gpqa:23,gpqa-diamond,"",1,1,1,,1,,,,,,1,,,,
gpqa:24,gpqa-diamond,"",1,1,1,,0,,,,,,0,,1,,1
gpqa:25,gpqa-diamond,"",0,1,1,,1,,,,,,0,,1,,
gpqa:26,gpqa-diamond,"",1,1,1,,1,,,,,,1,,1,,1
gpqa:27,gpqa-diamond,"",1,1,0,,1,,,,,,0,,,,
gpqa:28,gpqa-diamond,"",1,1,1,,1,,,,,,1,,1,,1
gpqa:29,gpqa-diamond,"",1,1,0,,0,,,,,,0,,1,,1
gpqa:30,gpqa-diamond,"",0,0,0,,0,,,,,,1,,1,,1
gpqa:31,gpqa-diamond,"",1,1,1,,1,,,,,,1,,1,,1
gpqa:32,gpqa-diamond,"",0,0,0,,0,,,,,,0,,,,
gpqa:33,gpqa-diamond,"",0,1,1,,0,,,,,,0,,1,,1
gpqa:34,gpqa-diamond,"",1,1,1,,1,,,,,,1,,1,,1
gpqa:35,gpqa-diamond,"",0,1,1,,1,,,,,,1,,1,,
gpqa:36,gpqa-diamond,"",1,1,1,,1,,,,,,0,,1,,
gpqa:37,gpqa-diamond,"",1,1,1,,1,,,,,,1,,1,,
gpqa:38,gpqa-diamond,"",1,1,1,,1,,,,,,,,1,,1
gpqa:39,gpqa-diamond,"",1,1,1,,1,,,,,,1,,1,,1
gpqa:40,gpqa-diamond,"",1,1,1,,1,,,,,,1,,1,,1
gpqa:41,gpqa-diamond,"",1,1,1,,1,,,,,,1,,1,,1
gpqa:42,gpqa-diamond,"",1,1,1,,0,,,,,,0,,1,,
gpqa:43,gpqa-diamond,"",1,1,1,,1,,,,,,1,,1,,1
gpqa:44,gpqa-diamond,"",1,1,1,,1,,,,,,1,,1,,1
gpqa:45,gpqa-diamond,"",0,1,1,,1,,,,,,0,,1,,1
gpqa:46,gpqa-diamond,"",1,1,1,,1,,,,,,1,,1,,1
gpqa:47,gpqa-diamond,"",0,1,1,,0,,,,,,1,,1,,
gpqa:48,gpqa-diamond,"",0,1,1,,0,,,,,,0,,,,
gpqa:49,gpqa-diamond,"",1,1,1,,1,,,,,,1,,1,,1
gpqa:50,gpqa-diamond,"",1,1,1,,1,,,,,,1,,1,,1
gpqa:51,gpqa-diamond,"",1,1,1,,1,,,,,,1,,1,,1
gpqa:52,gpqa-diamond,"",1,1,1,,1,,,,,,1,,1,,
gpqa:53,gpqa-diamond,"",1,1,1,,1,,,,,,1,,1,,
gpqa:54,gpqa-diamond,"",1,1,1,,1,,,,,,0,,1,,1
gpqa:55,gpqa-diamond,"",1,1,1,,1,,,,,,1,,1,,
gpqa:56,gpqa-diamond,"",0,1,0,,1,,,,,,0,,1,,1
gpqa:57,gpqa-diamond,"",0,1,1,,0,,,,,,1,,1,,1
gpqa:58,gpqa-diamond,"",1,1,1,,1,,,,,,1,,1,,1
gpqa:59,gpqa-diamond,"",1,1,1,,1,,,,,,1,,1,,
gpqa:60,gpqa-diamond,"",1,1,1,,1,,,,,,1,,,,
gpqa:61,gpqa-diamond,"",1,1,1,,1,,,,,,1,,1,,
gpqa:62,gpqa-diamond,"",1,1,1,,1,,,,,,1,,1,,
gpqa:63,gpqa-diamond,"",1,1,1,,1,,,,,,,,1,,
gpqa:64,gpqa-diamond,"",1,1,0,,1,,,,,,,,,,
gpqa:65,gpqa-diamond,"",1,1,1,,1,,,,,,1,,1,,
gpqa:66,gpqa-diamond,"",1,1,1,,1,,,,,,,,1,,1
gpqa:67,gpqa-diamond,"",1,1,1,,1,,,,,,1,,1,,1
gpqa:68,gpqa-diamond,"",1,1,1,,1,,,,,,1,,,,1
gpqa:69,gpqa-diamond,"",0,1,0,,1,,,,,,1,,,,
gpqa:70,gpqa-diamond,"",1,1,1,,1,,,,,,,,1,,1
gpqa:71,gpqa-diamond,"",0,1,1,,0,,,,,,1,,,,
gpqa:72,gpqa-diamond,"",1,1,1,,1,,,,,,1,,1,,
gpqa:73,gpqa-diamond,"",1,1,1,,1,,,,,,1,,1,,1
gpqa:74,gpqa-diamond,"",1,,,,1,,,,,,1,,1,,1
gpqa:75,gpqa-diamond,"",0,0,1,,0,,,,,,1,,0,,
gpqa:76,gpqa-diamond,"",0,0,0,,0,,,,,,0,,,,
gpqa:77,gpqa-diamond,"",1,1,1,,1,,,,,,1,,1,,1
gpqa:78,gpqa-diamond,"",1,1,1,,0,,,,,,1,,,,1
gpqa:79,gpqa-diamond,"",0,1,0,,1,,,,,,1,,,,
gpqa:80,gpqa-diamond,"",1,1,1,,1,,,,,,0,,1,,1
gpqa:81,gpqa-diamond,"",0,1,1,,1,,,,,,1,,,,
gpqa:82,gpqa-diamond,"",1,1,1,,1,,,,,,,,1,,1
gpqa:83,gpqa-diamond,"",1,1,1,,1,,,,,,,,1,,1
gpqa:84,gpqa-diamond,"",1,1,1,,1,,,,,,,,1,,1
gpqa:85,gpqa-diamond,"",0,1,0,,0,,,,,,0,,,,
gpqa:86,gpqa-diamond,"",0,1,1,,1,,,,,,0,,0,,1
gpqa:87,gpqa-diamond,"",1,1,1,,1,,,,,,1,,1,,1
gpqa:88,gpqa-diamond,"",0,1,1,,0,,,,,,0,,,,
gpqa:89,gpqa-diamond,"",0,1,1,,1,,,,,,0,,1,,
gpqa:90,gpqa-diamond,"",0,1,1,,1,,,,,,,,,,
gpqa:91,gpqa-diamond,"",1,1,1,,1,,,,,,0,,1,,
gpqa:92,gpqa-diamond,"",0,1,0,,0,,,,,,0,,1,,1
gpqa:93,gpqa-diamond,"",0,1,1,,0,,,,,,0,,,,
gpqa:94,gpqa-diamond,"",0,1,0,,0,,,,,,,,,,
gpqa:95,gpqa-diamond,"",1,1,1,,1,,,,,,1,,,,1
gpqa:96,gpqa-diamond,"",1,1,1,,1,,,,,,,,1,,1
gpqa:97,gpqa-diamond,"",0,1,1,,0,,,,,,,,1,,
gpqa:98,gpqa-diamond,"",1,1,1,,0,,,,,,,,1,,1
gpqa:99,gpqa-diamond,"",1,1,1,,0,,,,,,,,,,
gpqa:100,gpqa-diamond,"",0,1,1,,1,,,,,,,,1,,
gpqa:101,gpqa-diamond,"",0,0,1,,1,,,,,,,,,,
gpqa:102,gpqa-diamond,"",0,0,0,,0,,,,,,,,,,
gpqa:103,gpqa-diamond,"",1,1,1,,1,,,,,,0,,1,,1
gpqa:104,gpqa-diamond,"",1,1,1,,1,,,,,,1,,1,,1
gpqa:105,gpqa-diamond,"",0,1,1,,0,,,,,,0,,1,,1
gpqa:106,gpqa-diamond,"",1,0,0,,0,,,,,,0,,0,,
gpqa:107,gpqa-diamond,"",1,1,1,,1,,,,,,1,,1,,1
gpqa:108,gpqa-diamond,"",1,1,0,,1,,,,,,1,,,,1
gpqa:109,gpqa-diamond,"",1,1,1,,1,,,,,,0,,1,,
gpqa:110,gpqa-diamond,"",1,1,1,,1,,,,,,1,,1,,
gpqa:111,gpqa-diamond,"",1,1,1,,1,,,,,,,,1,,1
gpqa:112,gpqa-diamond,"",1,1,1,,1,,,,,,1,,1,,1
gpqa:113,gpqa-diamond,"",0,1,0,,1,,,,,,0,,0,,
gpqa:114,gpqa-diamond,"",1,1,1,,1,,,,,,0,,1,,1
gpqa:115,gpqa-diamond,"",0,0,0,,1,,,,,,0,,,,
gpqa:116,gpqa-diamond,"",1,1,1,,1,,,,,,,,1,,1
gpqa:117,gpqa-diamond,"",1,1,1,,1,,,,,,0,,1,,1
gpqa:118,gpqa-diamond,"",0,0,0,,1,,,,,,1,,,,
gpqa:119,gpqa-diamond,"",0,1,1,,1,,,,,,1,,1,,1
gpqa:120,gpqa-diamond,"",1,1,1,,1,,,,,,0,,,,
gpqa:121,gpqa-diamond,"",0,1,1,,0,,,,,,1,,,,
gpqa:122,gpqa-diamond,"",1,1,1,,1,,,,,,1,,1,,1
gpqa:123,gpqa-diamond,"",1,1,1,,1,,,,,,,,1,,1
gpqa:124,gpqa-diamond,"",1,1,1,,1,,,,,,,,1,,1
gpqa:125,gpqa-diamond,"",0,1,1,,1,,,,,,1,,1,,1
gpqa:126,gpqa-diamond,"",0,1,1,,,,,,,,0,,,,1
gpqa:127,gpqa-diamond,"",0,1,1,,0,,,,,,0,,,,
gpqa:128,gpqa-diamond,"",1,1,1,,1,,,,,,0,,1,,1
gpqa:129,gpqa-diamond,"",0,1,1,,1,,,,,,1,,1,,1
gpqa:130,gpqa-diamond,"",0,1,0,,0,,,,,,0,,,,
gpqa:131,gpqa-diamond,"",0,1,1,,0,,,,,,,,1,,
gpqa:132,gpqa-diamond,"",1,1,1,,1,,,,,,1,,1,,1
gpqa:133,gpqa-diamond,"",0,1,1,,1,,,,,,1,,,,1
gpqa:134,gpqa-diamond,"",1,1,1,,1,,,,,,,,1,,1
gpqa:135,gpqa-diamond,"",1,1,1,,1,,,,,,1,,1,,1
gpqa:136,gpqa-diamond,"",1,1,1,,1,,,,,,1,,1,,1
gpqa:137,gpqa-diamond,"",1,1,1,,1,,,,,,1,,1,,1
gpqa:138,gpqa-diamond,"",0,1,1,,0,,,,,,,,1,,
gpqa:139,gpqa-diamond,"",1,1,1,,1,,,,,,0,,1,,1
gpqa:140,gpqa-diamond,"",1,1,1,,0,,,,,,0,,1,,
gpqa:141,gpqa-diamond,"",1,1,1,,1,,,,,,1,,1,,1
gpqa:142,gpqa-diamond,"",0,1,1,,0,,,,,,,,1,,1
gpqa:143,gpqa-diamond,"",1,1,1,,1,,,,,,1,,1,,1
gpqa:144,gpqa-diamond,"",1,1,1,,0,,,,,,0,,1,,1
gpqa:145,gpqa-diamond,"",0,0,1,,0,,,,,,0,,,,
gpqa:146,gpqa-diamond,"",1,1,1,,1,,,,,,,,1,,1
gpqa:147,gpqa-diamond,"",0,0,1,,0,,,,,,0,,,,
gpqa:148,gpqa-diamond,"",1,1,1,,1,,,,,,1,,1,,1
gpqa:149,gpqa-diamond,"",1,1,1,,1,,,,,,,,1,,1
gpqa:150,gpqa-diamond,"",1,1,1,,1,,,,,,1,,1,,1
gpqa:151,gpqa-diamond,"",1,1,1,,1,,,,,,1,,1,,
gpqa:152,gpqa-diamond,"",1,1,1,,1,,,,,,1,,1,,
gpqa:153,gpqa-diamond,"",1,1,1,,1,,,,,,1,,1,,1
gpqa:154,gpqa-diamond,"",1,1,1,,1,,,,,,1,,1,,1
gpqa:155,gpqa-diamond,"",1,1,1,,1,,,,,,1,,1,,
gpqa:156,gpqa-diamond,"",1,1,1,,1,,,,,,1,,1,,1
gpqa:157,gpqa-diamond,"",0,1,1,,0,,,,,,0,,1,,1
gpqa:158,gpqa-diamond,"",0,1,1,,0,,,,,,,,1,,
gpqa:159,gpqa-diamond,"",1,1,1,,1,,,,,,1,,1,,1
gpqa:160,gpqa-diamond,"",0,0,0,,0,,,,,,1,,0,,0
gpqa:161,gpqa-diamond,"",1,1,1,,1,,,,,,1,,1,,1
gpqa:162,gpqa-diamond,"",1,1,0,,0,,,,,,0,,,,
gpqa:163,gpqa-diamond,"",1,1,1,,1,,,,,,,,1,,1
gpqa:164,gpqa-diamond,"",0,1,1,,0,,,,,,0,,1,,
gpqa:165,gpqa-diamond,"",1,1,1,,1,,,,,,1,,1,,1
gpqa:166,gpqa-diamond,"",1,1,1,,0,,,,,,0,,,,
gpqa:167,gpqa-diamond,"",0,0,0,,0,,,,,,0,,0,,0
gpqa:168,gpqa-diamond,"",1,1,1,,1,,,,,,,,1,,
gpqa:169,gpqa-diamond,"",1,1,1,,1,,,,,,1,,1,,1
gpqa:170,gpqa-diamond,"",0,0,1,,0,,,,,,1,,1,,
gpqa:171,gpqa-diamond,"",1,1,1,,1,,,,,,1,,1,,1
gpqa:172,gpqa-diamond,"",1,1,1,,1,,,,,,0,,1,,1
gpqa:173,gpqa-diamond,"",0,1,1,,1,,,,,,1,,1,,1
gpqa:174,gpqa-diamond,"",0,0,1,,0,,,,,,0,,1,,
gpqa:175,gpqa-diamond,"",1,1,1,,1,,,,,,1,,1,,1
gpqa:176,gpqa-diamond,"",1,1,1,,1,,,,,,1,,1,,1
gpqa:177,gpqa-diamond,"",1,1,1,,1,,,,,,1,,1,,1
gpqa:178,gpqa-diamond,"",1,1,1,,1,,,,,,,,1,,
gpqa:179,gpqa-diamond,"",1,1,1,,1,,,,,,1,,1,,1
gpqa:180,gpqa-diamond,"",0,1,1,,0,,,,,,0,,,,1
gpqa:181,gpqa-diamond,"",1,1,1,,1,,,,,,1,,1,,1
gpqa:182,gpqa-diamond,"",1,1,1,,0,,,,,,0,,1,,1
gpqa:183,gpqa-diamond,"",1,1,1,,1,,,,,,0,,1,,
gpqa:184,gpqa-diamond,"",1,1,1,,1,,,,,,1,,1,,1
gpqa:185,gpqa-diamond,"",0,1,1,,0,,,,,,0,,,,
gpqa:186,gpqa-diamond,"",0,1,0,,0,,,,,,0,,,,
gpqa:187,gpqa-diamond,"",1,1,1,,1,,,,,,1,,1,,1
gpqa:188,gpqa-diamond,"",0,1,1,,1,,,,,,0,,1,,1
gpqa:189,gpqa-diamond,"",1,1,1,,1,,,,,,1,,1,,1
gpqa:190,gpqa-diamond,"",1,1,0,,0,,,,,,0,,,,1
gpqa:191,gpqa-diamond,"",1,1,1,,1,,,,,,1,,1,,1
gpqa:192,gpqa-diamond,"",1,1,1,,1,,,,,,0,,1,,1
gpqa:193,gpqa-diamond,"",1,1,1,,1,,,,,,1,,1,,1
gpqa:194,gpqa-diamond,"",1,1,1,,1,,,,,,0,,,,1
gpqa:195,gpqa-diamond,"",1,1,1,,1,,,,,,1,,1,,1
gpqa:196,gpqa-diamond,"",1,1,1,,1,,,,,,1,,1,,1
gpqa:197,gpqa-diamond,"",1,1,1,,1,,,,,,1,,1,,1
